-- phpMyAdmin SQL Dump
-- version 5.2.1
-- https://www.phpmyadmin.net/
--
-- Host: 127.0.0.1
-- Generation Time: Oct 31, 2023 at 12:30 PM
-- Server version: 10.4.28-MariaDB
-- PHP Version: 8.2.4

SET SQL_MODE = "NO_AUTO_VALUE_ON_ZERO";
START TRANSACTION;
SET time_zone = "+00:00";


/*!40101 SET @OLD_CHARACTER_SET_CLIENT=@@CHARACTER_SET_CLIENT */;
/*!40101 SET @OLD_CHARACTER_SET_RESULTS=@@CHARACTER_SET_RESULTS */;
/*!40101 SET @OLD_COLLATION_CONNECTION=@@COLLATION_CONNECTION */;
/*!40101 SET NAMES utf8mb4 */;

--
-- Database: `pizzeria`
--

-- --------------------------------------------------------

--
-- Table structure for table `bestellijnen`
--

CREATE TABLE `bestellijnen` (
  `bestellingId` int(10) UNSIGNED NOT NULL,
  `productId` int(10) UNSIGNED NOT NULL,
  `aantal` int(10) UNSIGNED NOT NULL,
  `verkoopPrijs` float NOT NULL
) ENGINE=InnoDB DEFAULT CHARSET=utf8mb4 COLLATE=utf8mb4_general_ci;

--
-- Dumping data for table `bestellijnen`
--

INSERT INTO `bestellijnen` (`bestellingId`, `productId`, `aantal`, `verkoopPrijs`) VALUES
(2, 1, 1, 14),
(2, 2, 1, 16),
(2, 13, 1, 2),
(3, 1, 1, 14),
(3, 4, 1, 18),
(3, 7, 1, 3.5),
(3, 14, 1, 1.8),
(4, 1, 1, 11.2),
(4, 3, 1, 13.6),
(4, 7, 2, 2.8),
(4, 10, 1, 0.4);

-- --------------------------------------------------------

--
-- Table structure for table `bestellingen`
--

CREATE TABLE `bestellingen` (
  `bestellingId` int(10) UNSIGNED NOT NULL,
  `klantId` int(10) UNSIGNED NOT NULL,
  `datum` timestamp NOT NULL DEFAULT current_timestamp(),
  `statusId` int(10) UNSIGNED NOT NULL,
  `koerierId` int(10) UNSIGNED NOT NULL,
  `opmerking` varchar(255) DEFAULT NULL
) ENGINE=InnoDB DEFAULT CHARSET=utf8mb4 COLLATE=utf8mb4_general_ci;

--
-- Dumping data for table `bestellingen`
--

INSERT INTO `bestellingen` (`bestellingId`, `klantId`, `datum`, `statusId`, `koerierId`, `opmerking`) VALUES
(2, 1, '2023-10-30 19:54:11', 1, 1, ''),
(3, 1, '2023-10-30 19:58:07', 1, 1, 'I am the best!'),
(4, 3, '2023-10-31 11:27:46', 1, 1, '');

-- --------------------------------------------------------

--
-- Table structure for table `bestellingstatussen`
--

CREATE TABLE `bestellingstatussen` (
  `statusId` int(11) UNSIGNED NOT NULL,
  `status` varchar(40) NOT NULL
) ENGINE=InnoDB DEFAULT CHARSET=utf8mb4 COLLATE=utf8mb4_general_ci;

--
-- Dumping data for table `bestellingstatussen`
--

INSERT INTO `bestellingstatussen` (`statusId`, `status`) VALUES
(1, 'besteld'),
(2, 'afgemaakt'),
(3, 'afgeleverd');

-- --------------------------------------------------------

--
-- Table structure for table `klanten`
--

CREATE TABLE `klanten` (
  `klantId` int(10) UNSIGNED NOT NULL,
  `naam` varchar(45) NOT NULL,
  `voornaam` varchar(45) NOT NULL,
  `straat` varchar(255) NOT NULL,
  `huisNr` varchar(10) NOT NULL,
  `plaatsId` int(10) UNSIGNED NOT NULL,
  `telefoonNr` varchar(20) DEFAULT NULL,
  `gsmNr` varchar(20) DEFAULT NULL,
  `email` varchar(255) NOT NULL,
  `wachtwoord` varchar(255) NOT NULL,
  `bemerking` varchar(255) DEFAULT NULL,
  `korting` float DEFAULT NULL
) ENGINE=InnoDB DEFAULT CHARSET=utf8mb4 COLLATE=utf8mb4_general_ci;

--
-- Dumping data for table `klanten`
--

INSERT INTO `klanten` (`klantId`, `naam`, `voornaam`, `straat`, `huisNr`, `plaatsId`, `telefoonNr`, `gsmNr`, `email`, `wachtwoord`, `bemerking`, `korting`) VALUES
(1, 'Ahmad', 'Ahmad', 'Zenobe Grammestraat', '27', 385, '', '+32466308924', 'ahmad.aldraie@vdabcampus.be', '$2y$10$4bFuRtZyAHhn8WY2bOKoku3FdNZAn/bzgaWDAxPCB8Cwj.piPFb6q', NULL, 0.2),
(2, 'test', 'test', 'teststaart', '33', 59, '', '', 'test@gmail.com', '$2y$10$paKx3JxIiJeuL0bxH9gUUur7cgXL.ZMCqKYJXV998nMDT1Jly9Jfm', NULL, 0),
(3, 'test2', 'test2', 'teststaart', '33', 60, '', '', 'tes2t@gmail.com', '$2y$10$/g9KzFIjqrxYJxAfSYAwrOzw96vqDxZ4t.BnGKP3D0b0QFUXHTuVe', NULL, 0.2);

-- --------------------------------------------------------

--
-- Table structure for table `koeriers`
--

CREATE TABLE `koeriers` (
  `koerierId` int(11) UNSIGNED NOT NULL,
  `naam` varchar(45) NOT NULL,
  `voornaam` varchar(45) NOT NULL,
  `gsmNr` varchar(20) NOT NULL
) ENGINE=InnoDB DEFAULT CHARSET=utf8mb4 COLLATE=utf8mb4_general_ci;

--
-- Dumping data for table `koeriers`
--

INSERT INTO `koeriers` (`koerierId`, `naam`, `voornaam`, `gsmNr`) VALUES
(1, 'Al Draie', 'Ahmad', '04111111111');

-- --------------------------------------------------------

--
-- Table structure for table `plaatsen`
--

CREATE TABLE `plaatsen` (
  `plaatsId` int(11) UNSIGNED NOT NULL,
  `postcode` varchar(4) NOT NULL,
  `woonplaats` varchar(100) CHARACTER SET utf8 COLLATE utf8_unicode_ci NOT NULL,
  `beschikbaar` tinyint(1) NOT NULL
) ENGINE=InnoDB DEFAULT CHARSET=utf8 COLLATE=utf8_general_ci;

--
-- Dumping data for table `plaatsen`
--

INSERT INTO `plaatsen` (`plaatsId`, `postcode`, `woonplaats`, `beschikbaar`) VALUES
(1, '9420', 'Aaigem', 0),
(2, '8511', 'Aalbeke', 0),
(3, '9300', 'Aalst', 0),
(4, '3800', 'Aalst (Limb.)', 0),
(5, '9880', 'Aalter', 0),
(6, '3200', 'Aarschot', 0),
(7, '8700', 'Aarsele', 0),
(8, '8211', 'Aartrijke', 0),
(9, '2630', 'Aartselaar', 0),
(10, '4557', 'Abée', 0),
(11, '4280', 'Abolens', 0),
(12, '3930', 'Achel', 0),
(13, '5590', 'Achêne', 0),
(14, '5362', 'Achet', 0),
(15, '4219', 'Acosse', 0),
(16, '6280', 'Acoz', 0),
(17, '9991', 'Adegem', 0),
(18, '8660', 'Adinkerke', 0),
(19, '1790', 'Affligem', 0),
(20, '9051', 'Afsnee', 0),
(21, '5544', 'Agimont', 0),
(22, '4317', 'Aineffe', 0),
(23, '5310', 'Aische-en-Refail', 0),
(24, '6250', 'Aiseau', 0),
(25, '6250', 'Aiseau-Presles', 0),
(26, '5070', 'Aisemont', 0),
(27, '3570', 'Alken', 0),
(28, '5550', 'Alle', 0),
(29, '4432', 'Alleur', 0),
(30, '1652', 'Alsemberg', 0),
(31, '8690', 'Alveringem', 0),
(32, '4540', 'Amay', 0),
(33, '6680', 'Amberloup', 0),
(34, '4770', 'Amblève', 0),
(35, '6953', 'Ambly', 0),
(36, '4219', 'Ambresin', 0),
(37, '4770', 'Amel', 0),
(38, '6997', 'Amonines', 0),
(39, '7750', 'Amougies', 0),
(40, '4540', 'Ampsin', 0),
(41, '5300', 'Andenne', 0),
(42, '1070', 'Anderlecht', 0),
(43, '6150', 'Anderlues', 0),
(44, '4821', 'Andrimont', 0),
(45, '4031', 'Angleur', 0),
(46, '7387', 'Angre', 0),
(47, '7387', 'Angreau', 0),
(48, '5537', 'Anhée', 0),
(49, '6721', 'Anlier', 0),
(50, '6890', 'Anloy', 0),
(51, '5537', 'Annevoie-Rouillon', 0),
(52, '4430', 'Ans', 0),
(53, '5500', 'Anseremme', 0),
(54, '7750', 'Anseroeul', 0),
(55, '5520', 'Anthée', 0),
(56, '4520', 'Antheit', 0),
(57, '4160', 'Anthisnes', 0),
(58, '7640', 'Antoing', 0),
(59, '2000', 'Antwerpen', 1),
(60, '2018', 'Antwerpen', 1),
(61, '2020', 'Antwerpen', 1),
(62, '2030', 'Antwerpen', 1),
(63, '2040', 'Antwerpen', 1),
(64, '2050', 'Antwerpen', 1),
(65, '2060', 'Antwerpen', 1),
(66, '7910', 'Anvaing', 0),
(67, '8570', 'Anzegem', 0),
(68, '9200', 'Appels', 0),
(69, '9400', 'Appelterre-Eichem', 0),
(70, '7811', 'Arbre (Ht.)', 0),
(71, '5170', 'Arbre (Nam.)', 0),
(72, '4990', 'Arbrefontaine', 0),
(73, '7910', 'Arc-Ainières', 0),
(74, '1390', 'Archennes', 0),
(75, '7910', 'Arc-Wattripont', 0),
(76, '8850', 'Ardooie', 0),
(77, '2370', 'Arendonk', 0),
(78, '4601', 'Argenteau', 0),
(79, '6700', 'Arlon', 0),
(80, '7181', 'Arquennes', 0),
(81, '5060', 'Arsimont', 0),
(82, '6870', 'Arville', 0),
(83, '3665', 'As', 0),
(84, '9404', 'Aspelare', 0),
(85, '9890', 'Asper', 0),
(86, '7040', 'Asquillies', 0),
(87, '1007', 'Ass. Commiss. Communau. française', 0),
(88, '1005', 'Ass. Réun. Com. Communau. Commune', 0),
(89, '1730', 'Asse', 0),
(90, '8310', 'Assebroek', 0),
(91, '9960', 'Assenede', 0),
(92, '6860', 'Assenois', 0),
(93, '3460', 'Assent', 0),
(94, '5330', 'Assesse', 0),
(95, '9800', 'Astene', 0),
(96, '7800', 'Ath', 0),
(97, '7387', 'Athis', 0),
(98, '6791', 'Athus', 0),
(99, '3404', 'Attenhoven', 0),
(100, '3384', 'Attenrode', 0),
(101, '6717', 'Attert', 0),
(102, '7941', 'Attre', 0),
(103, '6790', 'Aubange', 0),
(104, '7972', 'Aubechies', 0),
(105, '4880', 'Aubel', 0),
(106, '5660', 'Aublain', 0),
(107, '6880', 'Auby-sur-Semois', 0),
(108, '1160', 'Auderghem', 0),
(109, '7382', 'Audregnies', 0),
(110, '7040', 'Aulnois', 0),
(111, '6706', 'Autelbas', 0),
(112, '1367', 'Autre-Eglise', 0),
(113, '7387', 'Autreppe', 0),
(114, '5060', 'Auvelais', 0),
(115, '5580', 'Ave-et-Auffe', 0),
(116, '8630', 'Avekapelle', 0),
(117, '8580', 'Avelgem', 0),
(118, '4260', 'Avennes', 0),
(119, '3271', 'Averbode', 0),
(120, '4280', 'Avernas-le-Bauduin', 0),
(121, '4280', 'Avin', 0),
(122, '4340', 'Awans', 0),
(123, '6870', 'Awenne', 0),
(124, '4400', 'Awirs', 0),
(125, '6900', 'Aye', 0),
(126, '4630', 'Ayeneux', 0),
(127, '4920', 'Aywaille', 0),
(128, '4090', 'B.S.D. (Belg. Strijdkr. Duitsland)', 0),
(129, '9890', 'Baaigem', 0),
(130, '3128', 'Baal', 0),
(131, '9310', 'Baardegem', 0),
(132, '2387', 'Baarle-Hertog', 0),
(133, '9200', 'Baasrode', 0),
(134, '9800', 'Bachte-Maria-Leerne', 0),
(135, '4837', 'Baelen (Lg.)', 0),
(136, '5550', 'Bagimont', 0),
(137, '6464', 'Baileux', 0),
(138, '6460', 'Bailièvre', 0),
(139, '5555', 'Baillamont', 0),
(140, '7730', 'Bailleul', 0),
(141, '5377', 'Baillonville', 0),
(142, '7380', 'Baisieux', 0),
(143, '1470', 'Baisy-Thy', 0),
(144, '5190', 'Balâtre', 0),
(145, '9860', 'Balegem', 0),
(146, '2490', 'Balen', 0),
(147, '9420', 'Bambrugge', 0),
(148, '6951', 'Bande', 0),
(149, '6500', 'Barbençon', 0),
(150, '4671', 'Barchon', 0),
(151, '5570', 'Baronville', 0),
(152, '7534', 'Barry', 0),
(153, '5370', 'Barvaux-Condroz', 0),
(154, '6940', 'Barvaux-sur-Ourthe', 0),
(155, '7971', 'Basècles', 0),
(156, '4520', 'Bas-Oha', 0),
(157, '4983', 'Basse-Bodeux', 0),
(158, '4690', 'Bassenge', 0),
(159, '9968', 'Bassevelde', 0),
(160, '7830', 'Bassilly', 0),
(161, '6600', 'Bastogne', 0),
(162, '7784', 'Bas-Warneton', 0),
(163, '3870', 'Batsheers', 0),
(164, '4651', 'Battice', 0),
(165, '7130', 'Battignies', 0),
(166, '7331', 'Baudour', 0),
(167, '7870', 'Bauffe', 0),
(168, '7604', 'Baugnies', 0),
(169, '1401', 'Baulers', 0),
(170, '9520', 'Bavegem', 0),
(171, '8531', 'Bavikhove', 0),
(172, '9150', 'Bazel', 0),
(173, '4052', 'Beaufays', 0),
(174, '6500', 'Beaumont', 0),
(175, '5570', 'Beauraing', 0),
(176, '6980', 'Beausaint', 0),
(177, '1320', 'Beauvechain', 0),
(178, '8630', 'Beauvoorde', 0),
(179, '6594', 'Beauwelz', 0),
(180, '7532', 'Beclers', 0),
(181, '3960', 'Beek', 0),
(182, '9630', 'Beerlegem', 0),
(183, '8730', 'Beernem', 0),
(184, '2340', 'Beerse', 0),
(185, '1650', 'Beersel', 0),
(186, '8600', 'Beerst', 0),
(187, '1673', 'Beert', 0),
(188, '9080', 'Beervelde', 0),
(189, '2580', 'Beerzel', 0),
(190, '5000', 'Beez', 0),
(191, '6987', 'Beffe', 0),
(192, '3130', 'Begijnendijk', 0),
(193, '6672', 'Beho', 0),
(194, '1852', 'Beigem', 0),
(195, '8480', 'Bekegem', 0),
(196, '1730', 'Bekkerzeel', 0),
(197, '3460', 'Bekkevoort', 0),
(198, '1009', 'Belgische Senaat', 0),
(199, '5001', 'Belgrade', 0),
(200, '4610', 'Bellaire', 0),
(201, '7170', 'Bellecourt', 0),
(202, '6730', 'Bellefontaine (Lux.)', 0),
(203, '5555', 'Bellefontaine (Nam.)', 0),
(204, '8510', 'Bellegem', 0),
(205, '9881', 'Bellem', 0),
(206, '6834', 'Bellevaux', 0),
(207, '4960', 'Bellevaux-Ligneuville', 0),
(208, '1674', 'Bellingen', 0),
(209, '7970', 'Beloeil', 0),
(210, '9111', 'Belsele (Sint-Niklaas)', 0),
(211, '4500', 'Ben-Ahin', 0),
(212, '6941', 'Bende', 0),
(213, '3540', 'Berbroek', 0),
(214, '2600', 'Berchem (Antwerpen)', 0),
(215, '9690', 'Berchem (O.-Vl.)', 0),
(216, '1082', 'Berchem-Sainte-Agathe', 0),
(217, '2040', 'Berendrecht', 1),
(218, '1910', 'Berg (Bt.)', 0),
(219, '3700', 'Berg (Limb.)', 0),
(220, '4360', 'Bergilers', 0),
(221, '3580', 'Beringen', 0),
(222, '2590', 'Berlaar', 0),
(223, '9290', 'Berlare', 0),
(224, '3830', 'Berlingen', 0),
(225, '4257', 'Berloz', 0),
(226, '4607', 'Berneau', 0),
(227, '7320', 'Bernissart', 0),
(228, '6560', 'Bersillies-l\'Abbaye', 0),
(229, '3060', 'Bertem', 0),
(230, '6687', 'Bertogne', 0),
(231, '4280', 'Bertrée', 0),
(232, '6880', 'Bertrix', 0),
(233, '5651', 'Berzée', 0),
(234, '8980', 'Beselare', 0),
(235, '3130', 'Betekom', 0),
(236, '4300', 'Bettincourt', 0),
(237, '5030', 'Beuzet', 0),
(238, '2560', 'Bevel', 0),
(239, '1547', 'Bever', 0),
(240, '4960', 'Bevercé', 0),
(241, '9700', 'Bevere', 0),
(242, '8791', 'Beveren (Leie)', 0),
(243, '8800', 'Beveren (Roeselare)', 0),
(244, '8691', 'Beveren-aan-den-Ijzer', 0),
(245, '9120', 'Beveren-Waas', 0),
(246, '3581', 'Beverlo', 0),
(247, '3740', 'Beverst', 0),
(248, '4610', 'Beyne-Heusay', 0),
(249, '6543', 'Bienne-lez-Happart', 0),
(250, '3360', 'Bierbeek', 0),
(251, '6533', 'Biercée', 0),
(252, '1301', 'Bierges', 0),
(253, '1430', 'Bierghes', 0),
(254, '4460', 'Bierset', 0),
(255, '5380', 'Bierwart', 0),
(256, '5640', 'Biesme', 0),
(257, '5640', 'Biesmerée', 0),
(258, '6531', 'Biesme-sous-Thuin', 0),
(259, '1547', 'Bievene', 0),
(260, '5555', 'Bievre', 0),
(261, '1390', 'Biez', 0),
(262, '6690', 'Bihain', 0),
(263, '8920', 'Bikschote', 0),
(264, '4831', 'Bilstain', 0),
(265, '3740', 'Bilzen', 0),
(266, '7130', 'Binche', 0),
(267, '3850', 'Binderveld', 0),
(268, '3211', 'Binkom', 0),
(269, '5537', 'Bioul', 0),
(270, '8501', 'Bissegem', 0),
(271, '7783', 'Bizet', 0),
(272, '2830', 'Blaasveld', 0),
(273, '5542', 'Blaimont', 0),
(274, '7522', 'Blandain', 0),
(275, '3052', 'Blanden', 0),
(276, '8370', 'Blankenberge', 0),
(277, '7040', 'Blaregnies', 0),
(278, '7321', 'Blaton', 0),
(279, '7370', 'Blaugies', 0),
(280, '4670', 'Blégny', 0),
(281, '7620', 'Bléharies', 0),
(282, '4280', 'Blehen', 0),
(283, '6760', 'Bleid', 0),
(284, '4300', 'Bleret', 0),
(285, '7903', 'Blicquy', 0),
(286, '3950', 'Bocholt', 0),
(287, '2530', 'Boechout', 0),
(288, '3890', 'Boekhout', 0),
(289, '9961', 'Boekhoute', 0),
(290, '4250', 'Boëlhe', 0),
(291, '8904', 'Boezinge', 0),
(292, '1670', 'Bogaarden', 0),
(293, '5550', 'Bohan', 0),
(294, '5140', 'Boignée', 0),
(295, '4690', 'Boirs', 0),
(296, '7866', 'Bois-de-Lessines', 0),
(297, '5170', 'Bois-de-Villers', 0),
(298, '7170', 'Bois-d\'Haine', 0),
(299, '4560', 'Bois-et-Borsu', 0),
(300, '5310', 'Bolinne', 0),
(301, '4653', 'Bolland', 0),
(302, '1367', 'Bomal (Bt.)', 0),
(303, '6941', 'Bomal-sur-Ourthe', 0),
(304, '4607', 'Bombaye', 0),
(305, '3840', 'Bommershoven (Haren)', 0),
(306, '4100', 'Boncelles', 0),
(307, '5310', 'Boneffe', 0),
(308, '2820', 'Bonheiden', 0),
(309, '5021', 'Boninne', 0),
(310, '1325', 'Bonlez', 0),
(311, '6700', 'Bonnert', 0),
(312, '5300', 'Bonneville', 0),
(313, '7603', 'Bon-Secours', 0),
(314, '5377', 'Bonsin', 0),
(315, '2221', 'Booischot', 0),
(316, '8630', 'Booitshoeke', 0),
(317, '2850', 'Boom', 0),
(318, '3631', 'Boorsem', 0),
(319, '3190', 'Boortmeerbeek', 0),
(320, '1761', 'Borchtlombeek', 0),
(321, '2140', 'Borgerhout (Antwerpen)', 0),
(322, '3840', 'Borgloon', 0),
(323, '4317', 'Borlez', 0),
(324, '3891', 'Borlo', 0),
(325, '6941', 'Borlon', 0),
(326, '2880', 'Bornem', 0),
(327, '1404', 'Bornival', 0),
(328, '2150', 'Borsbeek (Antw.)', 0),
(329, '9552', 'Borsbeke', 0),
(330, '5032', 'Bossière', 0),
(331, '8583', 'Bossuit', 0),
(332, '1390', 'Bossut-Gottechain', 0),
(333, '3300', 'Bost', 0),
(334, '5032', 'Bothey', 0),
(335, '9820', 'Bottelare', 0),
(336, '6200', 'Bouffioulx', 0),
(337, '5004', 'Bouge', 0),
(338, '7040', 'Bougnies', 0),
(339, '6830', 'Bouillon', 0),
(340, '6464', 'Bourlers', 0),
(341, '5575', 'Bourseigne-Neuve', 0),
(342, '5575', 'Bourseigne-Vieille', 0),
(343, '7110', 'Boussoit', 0),
(344, '7300', 'Boussu', 0),
(345, '5660', 'Boussu-en-Fagne', 0),
(346, '6440', 'Boussu-lez-Walcourt', 0),
(347, '1470', 'Bousval', 0),
(348, '3370', 'Boutersem', 0),
(349, '5500', 'Bouvignes-sur-Meuse', 0),
(350, '7803', 'Bouvignies', 0),
(351, '2288', 'Bouwel', 0),
(352, '8680', 'Bovekerke', 0),
(353, '3870', 'Bovelingen', 0),
(354, '4300', 'Bovenistier', 0),
(355, '5081', 'Bovesse', 0),
(356, '6671', 'Bovigny', 0),
(357, '4990', 'Bra', 0),
(358, '7604', 'Braffe', 0),
(359, '5590', 'Braibant', 0),
(360, '1420', 'Braine-l\'Alleud', 0),
(361, '1440', 'Braine-le-Château', 0),
(362, '7090', 'Braine-le-Comte', 0),
(363, '4260', 'Braives', 0),
(364, '9660', 'Brakel', 0),
(365, '5310', 'Branchon', 0),
(366, '6800', 'Bras', 0),
(367, '7604', 'Brasmenil', 0),
(368, '2930', 'Brasschaat', 0),
(369, '7130', 'Bray', 0),
(370, '2960', 'Brecht', 0),
(371, '8450', 'Bredene', 0),
(372, '3960', 'Bree', 0),
(373, '2870', 'Breendonk', 0),
(374, '4020', 'Bressoux', 0),
(375, '8900', 'Brielen', 0),
(376, '2520', 'Broechem', 0),
(377, '3840', 'Broekom', 0),
(378, '1931', 'Brucargo', 0),
(379, '7940', 'Brugelette', 0),
(380, '8000', 'Brugge', 0),
(381, '5660', 'Brûly', 0),
(382, '5660', 'Brûly-de-Pesche', 0),
(383, '7620', 'Brunehaut', 0),
(384, '1785', 'Brussegem', 0),
(385, '1000', 'Brussel', 0),
(386, '1070', 'Brussel (Anderlecht)', 0),
(387, '1050', 'Brussel (Elsene)', 0),
(388, '1040', 'Brussel (Etterbeek)', 0),
(389, '1140', 'Brussel (Evere)', 0),
(390, '1083', 'Brussel (Ganshoren)', 0),
(391, '1130', 'Brussel (Haren)', 0),
(392, '1090', 'Brussel (Jette)', 0),
(393, '1081', 'Brussel (Koekelberg)', 0),
(394, '1020', 'Brussel (Laken)', 0),
(395, '1120', 'Brussel (Neder-Over-Heembeek)', 0),
(396, '1160', 'Brussel (Oudergem)', 0),
(397, '1030', 'Brussel (Schaarbeek)', 0),
(398, '1082', 'Brussel (Sint-Agatha-Berchem)', 0),
(399, '1060', 'Brussel (Sint-Gillis)', 0),
(400, '1080', 'Brussel (Sint-Jans-Molenbeek)', 0),
(401, '1210', 'Brussel (Sint-Joost-ten-Node)', 0),
(402, '1200', 'Brussel (Sint-Lambrechts-Woluwe)', 0),
(403, '1150', 'Brussel (Sint-Pieters-Woluwe)', 0),
(404, '1180', 'Brussel (Ukkel)', 0),
(405, '1190', 'Brussel (Vorst)', 0),
(406, '1170', 'Brussel (Watermaal-Bosvoorde)', 0),
(407, '1934', 'Brussel X-Luchthaven Remailing', 0),
(408, '1005', 'Brusselse Hoofdstedelijke Raad', 0),
(409, '3800', 'Brustem', 0),
(410, '1000', 'Bruxelles', 0),
(411, '1070', 'Bruxelles (Anderlecht)', 0),
(412, '1160', 'Bruxelles (Auderghem)', 0),
(413, '1082', 'Bruxelles (Berchem-Sainte-Agathe)', 0),
(414, '1040', 'Bruxelles (Etterbeek)', 0),
(415, '1140', 'Bruxelles (Evere)', 0),
(416, '1190', 'Bruxelles (Forest)', 0),
(417, '1083', 'Bruxelles (Ganshoren)', 0),
(418, '1130', 'Bruxelles (Haeren)', 0),
(419, '1050', 'Bruxelles (Ixelles)', 0),
(420, '1090', 'Bruxelles (Jette)', 0),
(421, '1081', 'Bruxelles (Koekelberg)', 0),
(422, '1020', 'Bruxelles (Laeken)', 0),
(423, '1080', 'Bruxelles (Molenbeek-Saint-Jean)', 0),
(424, '1120', 'Bruxelles (Neder-Over-Heembeek)', 0),
(425, '1060', 'Bruxelles (Saint-Gilles)', 0),
(426, '1210', 'Bruxelles (Saint-Josse-ten-Noode)', 0),
(427, '1030', 'Bruxelles (Schaerbeek)', 0),
(428, '1180', 'Bruxelles (Uccle)', 0),
(429, '1170', 'Bruxelles (Watermael-Boitsfort)', 0),
(430, '1200', 'Bruxelles (Woluwe-Saint-Lambert)', 0),
(431, '1150', 'Bruxelles (Woluwe-Saint-Pierre)', 0),
(432, '1934', 'Bruxelles X-Aeroport Remailing', 0),
(433, '7641', 'Bruyelle', 0),
(434, '6222', 'Brye', 0),
(435, '3440', 'Budingen', 0),
(436, '9255', 'Buggenhout', 0),
(437, '7911', 'Buissenal', 0),
(438, '5580', 'Buissonville', 0),
(439, '1501', 'Buizingen', 0),
(440, '1910', 'Buken', 0),
(441, '4760', 'Bullange', 0),
(442, '4760', 'Büllingen', 0),
(443, '8630', 'Bulskamp', 0),
(444, '3380', 'Bunsbeek', 0),
(445, '2070', 'Burcht', 1),
(446, '4210', 'Burdinne', 0),
(447, '6927', 'Bure', 0),
(448, '4790', 'Burg-Reuland', 0),
(449, '9420', 'Burst', 0),
(450, '7602', 'Bury', 0),
(451, '4750', 'Bütgenbach', 0),
(452, '4750', 'Butgenbach', 0),
(453, '3891', 'Buvingen', 0),
(454, '7133', 'Buvrinnes', 0),
(455, '6743', 'Buzenol', 0),
(456, '6230', 'Buzet', 0),
(457, '7604', 'Callenelle', 0),
(458, '7642', 'Calonne', 0),
(459, '7940', 'Cambron-Casteau', 0),
(460, '7870', 'Cambron-Saint-Vincent', 0),
(461, '1804', 'Cargovil', 0),
(462, '6850', 'Carlsbourg', 0),
(463, '7141', 'Carnières', 0),
(464, '7061', 'Casteau (Soignies)', 0),
(465, '5650', 'Castillon', 0),
(466, '7760', 'Celles (Ht.)', 0),
(467, '4317', 'Celles (Lg.)', 0),
(468, '5561', 'Celles (Nam.)', 0),
(469, '4632', 'Cérexhe-Heuseux', 0),
(470, '5630', 'Cerfontaine', 0),
(471, '1341', 'Céroux-Mousty', 0),
(472, '4650', 'Chaineux', 0),
(473, '5550', 'Chairière', 0),
(474, '1008', 'Chambre des Représentants', 0),
(475, '5020', 'Champion', 0),
(476, '6971', 'Champlon', 0),
(477, '6921', 'Chanly', 0),
(478, '6742', 'Chantemelle', 0),
(479, '7903', 'Chapelle-à-Oie', 0),
(480, '7903', 'Chapelle-à-Wattines', 0),
(481, '7160', 'Chapelle-lez-Herlaimont', 0),
(482, '4537', 'Chapon-Seraing', 0),
(483, '6000', 'Charleroi', 0),
(484, '4654', 'Charneux', 0),
(485, '6824', 'Chassepierre', 0),
(486, '1450', 'Chastre', 0),
(487, '5650', 'Chastrès', 0),
(488, '1450', 'Chastre-Villeroux-Blanmont', 0),
(489, '6200', 'Châtelet', 0),
(490, '6200', 'Châtelineau', 0),
(491, '6747', 'Châtillon', 0),
(492, '4050', 'Chaudfontaine', 0),
(493, '1325', 'Chaumont-Gistoux', 0),
(494, '7063', 'Chaussée-Notre-Dame-Louvignies', 0),
(495, '4032', 'Chênée', 0),
(496, '6673', 'Cherain', 0),
(497, '4602', 'Cheratte', 0),
(498, '7521', 'Chercq', 0),
(499, '5590', 'Chevetogne', 0),
(500, '4987', 'Chevron', 0),
(501, '7950', 'Chièvres', 0),
(502, '6460', 'Chimay', 0),
(503, '6810', 'Chiny', 0),
(504, '4400', 'Chokier', 0),
(505, '1031', 'Christelijke Sociale Organisaties', 0),
(506, '5560', 'Ciergnon', 0),
(507, '5590', 'Ciney', 0),
(508, '4260', 'Ciplet', 0),
(509, '7024', 'Ciply', 0),
(510, '1010', 'Cité Administrative de l\'Etat', 0),
(511, '1480', 'Clabecq', 0),
(512, '4560', 'Clavier', 0),
(513, '4890', 'Clermont (Lg.)', 0),
(514, '5650', 'Clermont (Nam.)', 0),
(515, '4480', 'Clermont-sous-Huy', 0),
(516, '5022', 'Cognelée', 0),
(517, '7340', 'Colfontaine', 0),
(518, '4170', 'Comblain-au-Pont', 0),
(519, '4180', 'Comblain-Fairon', 0),
(520, '4180', 'Comblain-la-Tour', 0),
(521, '7780', 'Comines', 0),
(522, '7780', 'Comines-Warneton', 0),
(523, '5590', 'Conneux', 0),
(524, '1005', 'Conseil Region Bruxelles-Capitale', 0),
(525, '1435', 'Corbais', 0),
(526, '6838', 'Corbion', 0),
(527, '7910', 'Cordes', 0),
(528, '5620', 'Corenne', 0),
(529, '4860', 'Cornesse', 0),
(530, '5555', 'Cornimont', 0),
(531, '5032', 'Corroy-le-Château', 0),
(532, '1325', 'Corroy-le-Grand', 0),
(533, '4257', 'Corswarem', 0),
(534, '1450', 'Cortil-Noirmont', 0),
(535, '5380', 'Cortil-Wodon', 0),
(536, '6010', 'Couillet', 0),
(537, '6180', 'Courcelles', 0),
(538, '5336', 'Courrière', 0),
(539, '6120', 'Cour-sur-Heure', 0),
(540, '1490', 'Court-Saint-Etienne', 0),
(541, '4218', 'Couthuin', 0),
(542, '5300', 'Coutisse', 0),
(543, '1380', 'Couture-Saint-Germain', 0),
(544, '5660', 'Couvin', 0),
(545, '4280', 'Cras-Avernas', 0),
(546, '4280', 'Crehen', 0),
(547, '4367', 'Crisnée', 0),
(548, '7120', 'Croix-lez-Rouveroy', 0),
(549, '4784', 'Crombach', 0),
(550, '5332', 'Crupet', 0),
(551, '7033', 'Cuesmes', 0),
(552, '6880', 'Cugnon', 0),
(553, '5660', 'Cul-des-Sarts', 0),
(554, '5562', 'Custinne', 0),
(555, '1045', 'D.I.V.', 0),
(556, '8890', 'Dadizele', 0),
(557, '5660', 'Dailly', 0),
(558, '9160', 'Daknam', 0),
(559, '4607', 'Dalhem', 0),
(560, '8340', 'Damme', 0),
(561, '6767', 'Dampicourt', 0),
(562, '6020', 'Dampremy', 0),
(563, '4253', 'Darion', 0),
(564, '5630', 'Daussois', 0),
(565, '5020', 'Daussoulx', 0),
(566, '5100', 'Dave', 0),
(567, '6929', 'Daverdisse', 0),
(568, '8420', 'De Haan', 0),
(569, '9170', 'De Klinge', 0),
(570, '8630', 'De Moeren', 0),
(571, '8660', 'De Panne', 0),
(572, '9840', 'De Pinte', 0),
(573, '8540', 'Deerlijk', 0),
(574, '9570', 'Deftinge', 0),
(575, '9800', 'Deinze', 0),
(576, '9280', 'Denderbelle', 0),
(577, '9450', 'Denderhoutem', 0),
(578, '9470', 'Denderleeuw', 0),
(579, '9200', 'Dendermonde', 0),
(580, '9400', 'Denderwindeke', 0),
(581, '5537', 'Denée', 0),
(582, '8720', 'Dentergem', 0),
(583, '7912', 'Dergneau', 0),
(584, '2480', 'Dessel', 0),
(585, '8792', 'Desselgem', 0),
(586, '9070', 'Destelbergen', 0),
(587, '9042', 'Desteldonk', 0),
(588, '9831', 'Deurle', 0),
(589, '2100', 'Deurne (Antwerpen)', 0),
(590, '3290', 'Deurne (Bt.)', 0),
(591, '7864', 'Deux-Acren', 0),
(592, '5310', 'Dhuy', 0),
(593, '1831', 'Diegem', 0),
(594, '3590', 'Diepenbeek', 0),
(595, '3290', 'Diest', 0),
(596, '3700', 'Diets-Heur', 0),
(597, '8900', 'Dikkebus', 0),
(598, '9630', 'Dikkele', 0),
(599, '9890', 'Dikkelvenne', 0),
(600, '8600', 'Diksmuide', 0),
(601, '1700', 'Dilbeek', 0),
(602, '3650', 'Dilsen-Stokkem', 0),
(603, '5500', 'Dinant', 0),
(604, '5570', 'Dion', 0),
(605, '1325', 'Dion-Valmont', 0),
(606, '4820', 'Dison', 0),
(607, '6960', 'Dochamps', 0),
(608, '9130', 'Doel', 0),
(609, '6836', 'Dohan', 0),
(610, '5680', 'Doische', 0),
(611, '4140', 'Dolembreux', 0),
(612, '4357', 'Donceel', 0),
(613, '1370', 'Dongelberg', 0),
(614, '3540', 'Donk', 0),
(615, '6536', 'Donstiennes', 0),
(616, '5530', 'Dorinne', 0),
(617, '3440', 'Dormaal', 0),
(618, '7711', 'Dottenijs', 0),
(619, '7711', 'Dottignies', 0),
(620, '7370', 'Dour', 0),
(621, '5670', 'Dourbes', 0),
(622, '8951', 'Dranouter', 0),
(623, '5500', 'Dréhance', 0),
(624, '8600', 'Driekapellen', 0),
(625, '3350', 'Drieslinter', 0),
(626, '1620', 'Drogenbos', 0),
(627, '9031', 'Drongen', 0),
(628, '8380', 'Dudzele', 0),
(629, '2570', 'Duffel', 0),
(630, '3080', 'Duisburg', 0),
(631, '3803', 'Duras', 0),
(632, '6940', 'Durbuy', 0),
(633, '5530', 'Durnal', 0),
(634, '1653', 'Dworp', 0),
(635, '1049', 'E.U.-Commissie', 0),
(636, '1048', 'E.U.-Raad', 0),
(637, '4690', 'Eben-Emael', 0),
(638, '6860', 'Ebly', 0),
(639, '7190', 'Ecaussinnes', 0),
(640, '7190', 'Ecaussinnes-d\'Enghien', 0),
(641, '7191', 'Ecaussinnes-Lalaing', 0),
(642, '2650', 'Edegem', 0),
(643, '9700', 'Edelare', 0),
(644, '7850', 'Edingen', 0),
(645, '9900', 'Eeklo', 0),
(646, '8480', 'Eernegem', 0),
(647, '8740', 'Egem', 0),
(648, '8630', 'Eggewaartskapelle', 0),
(649, '5310', 'Eghezée', 0),
(650, '4120', 'Ehein', 0),
(651, '3740', 'Eigenbilzen', 0),
(652, '2430', 'Eindhout', 0),
(653, '9700', 'Eine', 0),
(654, '3630', 'Eisden', 0),
(655, '9810', 'Eke', 0),
(656, '2180', 'Ekeren (Antwerpen)', 0),
(657, '9160', 'Eksaarde', 0),
(658, '3941', 'Eksel', 0),
(659, '3650', 'Elen', 0),
(660, '9620', 'Elene', 0),
(661, '1982', 'Elewijt', 0),
(662, '3400', 'Eliksem', 0),
(663, '1671', 'Elingen', 0),
(664, '4590', 'Ellemelle', 0),
(665, '7890', 'Ellezelles', 0),
(666, '7910', 'Ellignies-lez-Frasnes', 0),
(667, '7972', 'Ellignies-Sainte-Anne', 0),
(668, '3670', 'Ellikom', 0),
(669, '7370', 'Elouges', 0),
(670, '9790', 'Elsegem', 0),
(671, '4750', 'Elsenborn', 0),
(672, '1050', 'Elsene', 0),
(673, '9660', 'Elst', 0),
(674, '8906', 'Elverdinge', 0),
(675, '9140', 'Elversele', 0),
(676, '2520', 'Emblem', 0),
(677, '4053', 'Embourg', 0),
(678, '8870', 'Emelgem', 0),
(679, '5080', 'Emines', 0),
(680, '5363', 'Emptinne', 0),
(681, '9700', 'Ename', 0),
(682, '3800', 'Engelmanshoven', 0),
(683, '7850', 'Enghien', 0),
(684, '4480', 'Engis', 0),
(685, '1350', 'Enines', 0),
(686, '4800', 'Ensival', 0),
(687, '7134', 'Epinois', 0),
(688, '1980', 'Eppegem', 0),
(689, '5580', 'Eprave', 0),
(690, '7050', 'Erbaut', 0),
(691, '7050', 'Erbisoeul', 0),
(692, '7500', 'Ere', 0),
(693, '9320', 'Erembodegem (Aalst)', 0),
(694, '6997', 'Erezée', 0),
(695, '5644', 'Ermeton-sur-Biert', 0),
(696, '5030', 'Ernage', 0),
(697, '6972', 'Erneuville', 0),
(698, '4920', 'Ernonheid', 0),
(699, '9420', 'Erondegem', 0),
(700, '9420', 'Erpe', 0),
(701, '9420', 'Erpe-Mere', 0),
(702, '5101', 'Erpent', 0),
(703, '6441', 'Erpion', 0),
(704, '3071', 'Erps-Kwerps', 0),
(705, '6560', 'Erquelinnes', 0),
(706, '7387', 'Erquennes', 0),
(707, '9940', 'Ertvelde', 0),
(708, '9620', 'Erwetegem', 0),
(709, '7760', 'Escanaffles', 0),
(710, '8600', 'Esen', 0),
(711, '4130', 'Esneux', 0),
(712, '8587', 'Espierres', 0),
(713, '8587', 'Espierres-Helchin', 0),
(714, '7502', 'Esplechin', 0),
(715, '7743', 'Esquelmes', 0),
(716, '2910', 'Essen', 0),
(717, '1790', 'Essene', 0),
(718, '7730', 'Estaimbourg', 0),
(719, '7730', 'Estaimpuis', 0),
(720, '7120', 'Estinnes', 0),
(721, '7120', 'Estinnes-au-Mont', 0),
(722, '7120', 'Estinnes-au-Val', 0),
(723, '6740', 'Etalle', 0),
(724, '6760', 'Ethe', 0),
(725, '9680', 'Etikhove', 0),
(726, '8460', 'Ettelgem', 0),
(727, '1040', 'Etterbeek', 0),
(728, '7080', 'Eugies (Frameries)', 0),
(729, '4700', 'Eupen', 0),
(730, '1047', 'Europees Parlement', 0),
(731, '4631', 'Evegnée', 0),
(732, '5350', 'Evelette', 0),
(733, '9660', 'Everbeek', 0),
(734, '3078', 'Everberg', 0),
(735, '1140', 'Evere', 0),
(736, '9940', 'Evergem', 0),
(737, '7730', 'Evregnies', 0),
(738, '5530', 'Evrehailles', 0),
(739, '4731', 'Eynatten', 0),
(740, '3400', 'Ezemaal', 0),
(741, '4090', 'F.B.A. (Forces Belges en Allemagne)', 0),
(742, '5600', 'Fagnolle', 0),
(743, '4317', 'Faimes', 0),
(744, '5522', 'Falaën', 0),
(745, '5060', 'Falisolle', 0),
(746, '4260', 'Fallais', 0),
(747, '5500', 'Falmagne', 0),
(748, '5500', 'Falmignoul', 0),
(749, '7181', 'Familleureux', 0),
(750, '6240', 'Farciennes', 0),
(751, '5340', 'Faulx-les-Tombes', 0),
(752, '7120', 'Fauroeulx', 0),
(753, '6637', 'Fauvillers', 0),
(754, '4950', 'Faymonville', 0),
(755, '6856', 'Fays-les-Veneurs', 0),
(756, '7387', 'Fayt-le-Franc', 0),
(757, '7170', 'Fayt-lez-Manage', 0),
(758, '5570', 'Felenne', 0),
(759, '7181', 'Feluy', 0),
(760, '4607', 'Feneur', 0),
(761, '5380', 'Fernelmont', 0),
(762, '4190', 'Ferrières', 0),
(763, '5570', 'Feschaux', 0),
(764, '4347', 'Fexhe-le-Haut-Clocher', 0),
(765, '4458', 'Fexhe-Slins', 0),
(766, '4181', 'Filot', 0),
(767, '5560', 'Finnevaux', 0),
(768, '4530', 'Fize-Fontaine', 0),
(769, '4367', 'Fize-le-Marsal', 0),
(770, '6686', 'Flamierge', 0),
(771, '5620', 'Flavion', 0),
(772, '5020', 'Flawinne', 0),
(773, '4400', 'Flémalle', 0),
(774, '4400', 'Flémalle-Grande', 0),
(775, '4400', 'Flémalle-Haute', 0),
(776, '7012', 'Flénu', 0),
(777, '4620', 'Fléron', 0),
(778, '6220', 'Fleurus', 0),
(779, '7880', 'Flobecq', 0),
(780, '4540', 'Flône', 0),
(781, '5334', 'Florée', 0),
(782, '5150', 'Floreffe', 0),
(783, '5620', 'Florennes', 0),
(784, '6820', 'Florenville', 0),
(785, '5150', 'Floriffoux', 0),
(786, '5370', 'Flostoy', 0),
(787, '5572', 'Focant', 0),
(788, '1212', 'FOD Mobiliteit', 0),
(789, '1350', 'Folx-les-Caves', 0),
(790, '6140', 'Fontaine-l\'Evêque', 0),
(791, '6567', 'Fontaine-Valmont', 0),
(792, '5650', 'Fontenelle', 0),
(793, '6820', 'Fontenoille', 0),
(794, '7643', 'Fontenoy', 0),
(795, '4340', 'Fooz', 0),
(796, '6141', 'Forchies-la-Marche', 0),
(797, '1190', 'Forest', 0),
(798, '7910', 'Forest (Ht.)', 0),
(799, '4870', 'Forêt', 0),
(800, '6596', 'Forge-Philippe', 0),
(801, '6464', 'Forges', 0),
(802, '6953', 'Forrières', 0),
(803, '5380', 'Forville', 0),
(804, '4980', 'Fosse (Lg.)', 0),
(805, '5070', 'Fosses-la-Ville', 0),
(806, '7830', 'Fouleng', 0),
(807, '6440', 'Fourbechies', 0),
(808, '3798', 'Fouron-le-Comte', 0),
(809, '3790', 'Fourons', 0),
(810, '3790', 'Fouron-Saint-Martin', 0),
(811, '3792', 'Fouron-Saint-Pierre', 0),
(812, '5504', 'Foy-Notre-Dame', 0),
(813, '4870', 'Fraipont', 0),
(814, '5650', 'Fraire', 0),
(815, '4557', 'Fraiture', 0),
(816, '7080', 'Frameries', 0),
(817, '6853', 'Framont', 0),
(818, '5600', 'Franchimont', 0),
(819, '4970', 'Francorchamps', 0),
(820, '5380', 'Franc-Waret', 0),
(821, '5150', 'Franière', 0),
(822, '5660', 'Frasnes (Nam.)', 0),
(823, '7910', 'Frasnes-lez-Anvaing', 0),
(824, '7911', 'Frasnes-lez-Buissenal', 0),
(825, '6210', 'Frasnes-lez-Gosselies', 0),
(826, '4347', 'Freloux', 0),
(827, '6800', 'Freux', 0),
(828, '6440', 'Froidchapelle', 0),
(829, '5576', 'Froidfontaine', 0),
(830, '7504', 'Froidmont', 0),
(831, '6990', 'Fronville', 0),
(832, '7503', 'Froyennes', 0),
(833, '4260', 'Fumal', 0),
(834, '5500', 'Furfooz', 0),
(835, '5641', 'Furnaux', 0),
(836, '1750', 'Gaasbeek', 0),
(837, '7943', 'Gages', 0),
(838, '7906', 'Gallaix', 0),
(839, '1570', 'Galmaarden', 0),
(840, '1083', 'Ganshoren', 0),
(841, '7530', 'Gaurain-Ramecroix (Tournai)', 0),
(842, '9890', 'Gavere', 0),
(843, '5575', 'Gedinne', 0),
(844, '2440', 'Geel', 0),
(845, '4250', 'Geer', 0),
(846, '1367', 'Geest-Gérompont-Petit-Rosière', 0),
(847, '3450', 'Geetbets', 0),
(848, '5024', 'Gelbressée', 0),
(849, '3800', 'Gelinden', 0),
(850, '3620', 'Gellik', 0),
(851, '3200', 'Gelrode', 0),
(852, '8980', 'Geluveld', 0),
(853, '8940', 'Geluwe', 0),
(854, '6929', 'Gembes', 0),
(855, '5030', 'Gembloux', 0),
(856, '4851', 'Gemmenich', 0),
(857, '1470', 'Genappe', 0),
(858, '3600', 'Genk', 0),
(859, '7040', 'Genly', 0),
(860, '3770', 'Genoelselderen', 0),
(861, '9000', 'Gent', 0),
(862, '9050', 'Gentbrugge', 0),
(863, '1450', 'Gentinnes', 0),
(864, '1332', 'Genval', 0),
(865, '9500', 'Geraardsbergen', 0),
(866, '3960', 'Gerdingen', 0),
(867, '5524', 'Gerin', 0),
(868, '1367', 'Gérompont', 0),
(869, '6769', 'Gérouville', 0),
(870, '6280', 'Gerpinnes', 0),
(871, '2590', 'Gestel', 0),
(872, '5340', 'Gesves', 0),
(873, '7822', 'Ghislenghien', 0),
(874, '7011', 'Ghlin', 0),
(875, '7863', 'Ghoy', 0),
(876, '7823', 'Gibecq', 0),
(877, '2275', 'Gierle', 0),
(878, '8691', 'Gijverinkhove', 0),
(879, '9308', 'Gijzegem', 0),
(880, '8570', 'Gijzelbrechtegem', 0),
(881, '9860', 'Gijzenzele', 0),
(882, '6060', 'Gilly (Charleroi)', 0),
(883, '5680', 'Gimnée', 0),
(884, '3890', 'Gingelom', 0),
(885, '8470', 'Gistel', 0),
(886, '8830', 'Gits', 0),
(887, '7041', 'Givry', 0),
(888, '1473', 'Glabais', 0),
(889, '3380', 'Glabbeek-Zuurbemde', 0),
(890, '4000', 'Glain', 0),
(891, '4400', 'Gleixhe', 0),
(892, '1315', 'Glimes', 0),
(893, '4690', 'Glons', 0),
(894, '5680', 'Gochenée', 0),
(895, '7160', 'Godarville', 0),
(896, '5530', 'Godinne', 0),
(897, '9620', 'Godveerdegem', 0),
(898, '4834', 'Goé', 0),
(899, '9500', 'Goeferdinge', 0),
(900, '7040', 'Goegnies-Chaussée', 0),
(901, '5353', 'Goesnes', 0),
(902, '3300', 'Goetsenhoven', 0),
(903, '4140', 'Gomzé-Andoumont', 0),
(904, '7830', 'Gondregnies', 0),
(905, '5660', 'Gonrieux', 0),
(906, '9090', 'Gontrode', 0),
(907, '1755', 'Gooik', 0),
(908, '3803', 'Gorsem', 0),
(909, '3840', 'Gors-Opleeuw', 0),
(910, '6041', 'Gosselies', 0),
(911, '3840', 'Gotem', 0),
(912, '9800', 'Gottem', 0),
(913, '7070', 'Gottignies', 0),
(914, '6280', 'Gougnies', 0),
(915, '5651', 'Gourdinne', 0),
(916, '6030', 'Goutroux', 0),
(917, '6670', 'Gouvy', 0),
(918, '6181', 'Gouy-lez-Piéton', 0),
(919, '6534', 'Gozée', 0),
(920, '4460', 'Grâce-Berleur', 0),
(921, '4460', 'Grâce-Hollogne', 0),
(922, '5555', 'Graide', 0),
(923, '9800', 'Grammene', 0),
(924, '4300', 'Grand-Axhe', 0),
(925, '7973', 'Grandglise', 0),
(926, '4280', 'Grand-Hallet', 0),
(927, '6698', 'Grand-Halleux', 0),
(928, '6940', 'Grandhan', 0),
(929, '5031', 'Grand-Leez', 0),
(930, '5030', 'Grand-Manil', 0),
(931, '6960', 'Grandmenil', 0),
(932, '7900', 'Grandmetz', 0),
(933, '4650', 'Grand-Rechain', 0),
(934, '6560', 'Grand-Reng', 0),
(935, '6470', 'Grandrieu', 0),
(936, '1367', 'Grand-Rosière-Hottomont', 0),
(937, '4360', 'Grandville', 0),
(938, '6840', 'Grandvoir', 0),
(939, '6840', 'Grapfontaine', 0),
(940, '7830', 'Graty', 0),
(941, '5640', 'Graux', 0),
(942, '3450', 'Grazen', 0),
(943, '9200', 'Grembergen', 0),
(944, '1390', 'Grez-Doiceau', 0),
(945, '1850', 'Grimbergen', 0),
(946, '9506', 'Grimminge', 0),
(947, '4030', 'Grivegnée', 0),
(948, '2280', 'Grobbendonk', 0),
(949, '1702', 'Groot-Bijgaarden', 0),
(950, '3800', 'Groot-Gelmen', 0),
(951, '3840', 'Groot-Loon', 0),
(952, '7950', 'Grosage', 0),
(953, '5555', 'Gros-Fays', 0),
(954, '3990', 'Grote-Brogel', 0),
(955, '9620', 'Grotenberge', 0),
(956, '3740', 'Grote-Spouwen', 0),
(957, '3670', 'Gruitrode', 0),
(958, '6952', 'Grune', 0),
(959, '6927', 'Grupont', 0),
(960, '7620', 'Guignies', 0),
(961, '3723', 'Guigoven', 0),
(962, '6704', 'Guirsch', 0),
(963, '8560', 'Gullegem', 0),
(964, '3870', 'Gutschoven', 0),
(965, '3150', 'Haacht', 0),
(966, '9450', 'Haaltert', 0),
(967, '9120', 'Haasdonk', 0),
(968, '3053', 'Haasrode', 0),
(969, '6720', 'Habay', 0),
(970, '6720', 'Habay-la-Neuve', 0),
(971, '6723', 'Habay-la-Vieille', 0),
(972, '6782', 'Habergy', 0),
(973, '4684', 'Haccourt', 0),
(974, '6720', 'Hachy', 0),
(975, '7911', 'Hacquegnies', 0),
(976, '1130', 'Haren (Bruxelles)', 0),
(977, '5351', 'Haillot', 0),
(978, '7100', 'Haine-Saint-Paul', 0),
(979, '7100', 'Haine-Saint-Pierre', 0),
(980, '7350', 'Hainin', 0),
(981, '3300', 'Hakendover', 0),
(982, '6792', 'Halanzy', 0),
(983, '3545', 'Halen', 0),
(984, '2220', 'Hallaar', 0),
(985, '1500', 'Halle', 0),
(986, '2980', 'Halle (Kempen)', 0),
(987, '3440', 'Halle-Booienhoven', 0),
(988, '6986', 'Halleux', 0),
(989, '6922', 'Halma', 0),
(990, '3800', 'Halmaal', 0),
(991, '5340', 'Haltinne', 0),
(992, '3945', 'Ham', 0),
(993, '6840', 'Hamipré', 0),
(994, '1785', 'Hamme (Bt.)', 0),
(995, '9220', 'Hamme (O.-Vl.)', 0),
(996, '1320', 'Hamme-Mille', 0),
(997, '4180', 'Hamoir', 0),
(998, '5360', 'Hamois', 0),
(999, '3930', 'Hamont', 0),
(1000, '3930', 'Hamont-Achel', 0),
(1001, '6990', 'Hampteau', 0),
(1002, '6120', 'Ham-sur-Heure', 0),
(1003, '6120', 'Ham-sur-Heure-Nalinnes', 0),
(1004, '5190', 'Ham-sur-Sambre', 0),
(1005, '8610', 'Handzame', 0),
(1006, '4357', 'Haneffe', 0),
(1007, '4210', 'Hannêche', 0),
(1008, '4280', 'Hannut', 0),
(1009, '5310', 'Hanret', 0),
(1010, '9850', 'Hansbeke', 0),
(1011, '5580', 'Han-sur-Lesse', 0),
(1012, '6560', 'Hantes-Wihéries', 0),
(1013, '5621', 'Hanzinelle', 0),
(1014, '5621', 'Hanzinne', 0),
(1015, '7321', 'Harchies', 0),
(1016, '8530', 'Harelbeke', 0),
(1017, '3840', 'Haren (Borgloon)', 0),
(1018, '1130', 'Haren (Brussel)', 0),
(1019, '3700', 'Haren (Tongeren)', 0),
(1020, '6900', 'Hargimont', 0),
(1021, '7022', 'Harmignies', 0),
(1022, '6767', 'Harnoncourt', 0),
(1023, '6960', 'Harre', 0),
(1024, '6950', 'Harsin', 0),
(1025, '7022', 'Harveng', 0),
(1026, '4920', 'Harzé', 0),
(1027, '3500', 'Hasselt', 0),
(1028, '5540', 'Hastière', 0),
(1029, '5540', 'Hastière-Lavaux', 0),
(1030, '5541', 'Hastière-par-Delà', 0),
(1031, '6870', 'Hatrival', 0),
(1032, '7120', 'Haulchin', 0),
(1033, '4730', 'Hauset', 0),
(1034, '6929', 'Haut-Fays', 0),
(1035, '1461', 'Haut-Ittre', 0),
(1036, '5537', 'Haut-le-Wastia', 0),
(1037, '7334', 'Hautrage', 0),
(1038, '7041', 'Havay', 0),
(1039, '5370', 'Havelange', 0),
(1040, '5590', 'Haversin', 0),
(1041, '7531', 'Havinnes', 0),
(1042, '7021', 'Havré', 0),
(1043, '3940', 'Hechtel', 0),
(1044, '3940', 'Hechtel-Eksel', 0),
(1045, '5543', 'Heer', 0),
(1046, '3870', 'Heers', 0),
(1047, '3740', 'Hees', 0),
(1048, '8551', 'Heestert', 0),
(1049, '2801', 'Heffen', 0),
(1050, '1670', 'Heikruis', 0),
(1051, '2830', 'Heindonk', 0),
(1052, '6700', 'Heinsch', 0),
(1053, '8301', 'Heist-aan-Zee', 0),
(1054, '2220', 'Heist-op-den-Berg', 0),
(1055, '1790', 'Hekelgem', 0),
(1056, '3870', 'Heks', 0),
(1057, '8587', 'Helchin', 0),
(1058, '3530', 'Helchteren', 0),
(1059, '9450', 'Heldergem', 0),
(1060, '1357', 'Hélécine', 0),
(1061, '3440', 'Helen-Bos', 0),
(1062, '8587', 'Helkijn', 0),
(1063, '7830', 'Hellebecq', 0),
(1064, '9571', 'Hemelveerdegem', 0),
(1065, '2620', 'Hemiksem', 0),
(1066, '5380', 'Hemptinne (Fernelmont)', 0),
(1067, '5620', 'Hemptinne-lez-Florennes', 0),
(1068, '3840', 'Hendrieken', 0),
(1069, '3700', 'Henis', 0),
(1070, '7090', 'Hennuyères', 0),
(1071, '4841', 'Henri-Chapelle', 0),
(1072, '7090', 'Henripont', 0),
(1073, '7350', 'Hensies', 0),
(1074, '3971', 'Heppen', 0),
(1075, '4771', 'Heppenbach', 0),
(1076, '6220', 'Heppignies', 0),
(1077, '6887', 'Herbeumont', 0),
(1078, '7050', 'Herchies', 0),
(1079, '3770', 'Herderen', 0),
(1080, '9310', 'Herdersem', 0),
(1081, '3020', 'Herent', 0),
(1082, '2200', 'Herentals', 0),
(1083, '2270', 'Herenthout', 0),
(1084, '1540', 'Herfelingen', 0),
(1085, '4728', 'Hergenrath', 0),
(1086, '7742', 'Hérinnes-lez-Pecq', 0),
(1087, '3540', 'Herk-de-Stad', 0),
(1088, '4681', 'Hermalle-sous-Argenteau', 0),
(1089, '4480', 'Hermalle-sous-Huy', 0),
(1090, '4680', 'Hermée', 0),
(1091, '5540', 'Hermeton-sur-Meuse', 0),
(1092, '1540', 'Herne', 0),
(1093, '4217', 'Héron', 0),
(1094, '7911', 'Herquegies', 0),
(1095, '7712', 'Herseaux', 0),
(1096, '2230', 'Herselt', 0),
(1097, '4040', 'Herstal', 0),
(1098, '3717', 'Herstappe', 0),
(1099, '7522', 'Hertain', 0),
(1100, '3831', 'Herten', 0),
(1101, '8020', 'Hertsberge', 0),
(1102, '4650', 'Herve', 0),
(1103, '9550', 'Herzele', 0),
(1104, '8501', 'Heule', 0),
(1105, '5377', 'Heure (Nam.)', 0),
(1106, '4682', 'Heure-le-Romain', 0),
(1107, '9700', 'Heurne', 0),
(1108, '3550', 'Heusden (Limb.)', 0),
(1109, '9070', 'Heusden (O.-Vl.)', 0),
(1110, '3550', 'Heusden-Zolder', 0),
(1111, '4802', 'Heusy', 0),
(1112, '8950', 'Heuvelland', 0),
(1113, '3191', 'Hever', 0),
(1114, '3001', 'Heverlee', 0),
(1115, '1435', 'Hévillers', 0),
(1116, '6941', 'Heyd', 0),
(1117, '9550', 'Hillegem', 0),
(1118, '2880', 'Hingene', 0),
(1119, '5380', 'Hingeon', 0),
(1120, '6984', 'Hives', 0),
(1121, '2660', 'Hoboken (Antwerpen)', 0),
(1122, '4351', 'Hodeige', 0),
(1123, '6987', 'Hodister', 0),
(1124, '4162', 'Hody', 0),
(1125, '3320', 'Hoegaarden', 0),
(1126, '1560', 'Hoeilaart', 0),
(1127, '8340', 'Hoeke', 0),
(1128, '3746', 'Hoelbeek', 0),
(1129, '3471', 'Hoeleden', 0),
(1130, '3840', 'Hoepertingen', 0),
(1131, '3730', 'Hoeselt', 0),
(1132, '2940', 'Hoevenen', 0),
(1133, '1981', 'Hofstade (Bt.)', 0),
(1134, '9308', 'Hofstade (O.-Vl.)', 0),
(1135, '5377', 'Hogne', 0),
(1136, '4342', 'Hognoul', 0),
(1137, '7620', 'Hollain', 0),
(1138, '6637', 'Hollange', 0),
(1139, '8902', 'Hollebeke', 0),
(1140, '4460', 'Hollogne-aux-Pierres', 0),
(1141, '4250', 'Hollogne-sur-Geer', 0),
(1142, '3220', 'Holsbeek', 0),
(1143, '2811', 'Hombeek', 0),
(1144, '4852', 'Hombourg', 0),
(1145, '6640', 'Hompré', 0),
(1146, '6780', 'Hondelange', 0),
(1147, '5570', 'Honnay', 0),
(1148, '7387', 'Honnelles', 0),
(1149, '8830', 'Hooglede', 0),
(1150, '8690', 'Hoogstade', 0),
(1151, '2320', 'Hoogstraten', 0),
(1152, '9667', 'Horebeke', 0),
(1153, '4460', 'Horion-Hozémont', 0),
(1154, '7301', 'Hornu', 0),
(1155, '3870', 'Horpmaal', 0),
(1156, '7060', 'Horrues', 0),
(1157, '6990', 'Hotton', 0),
(1158, '6724', 'Houdemont', 0),
(1159, '7110', 'Houdeng-Aimeries', 0),
(1160, '7110', 'Houdeng-Goegnies (La Louvière)', 0),
(1161, '5575', 'Houdremont', 0),
(1162, '6660', 'Houffalize', 0),
(1163, '5563', 'Hour', 0),
(1164, '4671', 'Housse', 0),
(1165, '7812', 'Houtaing', 0),
(1166, '1476', 'Houtain-le-Val', 0),
(1167, '4682', 'Houtain-Saint-Siméon', 0),
(1168, '8377', 'Houtave', 0),
(1169, '8630', 'Houtem (W.-Vl.)', 0),
(1170, '3530', 'Houthalen', 0),
(1171, '3530', 'Houthalen-Helchteren', 0),
(1172, '7781', 'Houthem (Comines)', 0),
(1173, '8650', 'Houthulst', 0),
(1174, '2235', 'Houtvenne', 0),
(1175, '3390', 'Houwaart', 0),
(1176, '5530', 'Houx', 0),
(1177, '5560', 'Houyet', 0),
(1178, '2540', 'Hove', 0),
(1179, '7830', 'Hoves (Ht.)', 0),
(1180, '7624', 'Howardries', 0),
(1181, '4520', 'Huccorgne', 0),
(1182, '9750', 'Huise', 0),
(1183, '7950', 'Huissignies', 0),
(1184, '1654', 'Huizingen', 0),
(1185, '3040', 'Huldenberg', 0),
(1186, '2235', 'Hulshout', 0),
(1187, '5560', 'Hulsonniaux', 0),
(1188, '8531', 'Hulste', 0),
(1189, '6900', 'Humain', 0),
(1190, '1851', 'Humbeek', 0),
(1191, '9630', 'Hundelgem', 0),
(1192, '1367', 'Huppaye', 0),
(1193, '4500', 'Huy', 0),
(1194, '7022', 'Hyon', 0),
(1195, '8480', 'Ichtegem', 0),
(1196, '9472', 'Iddergem', 0),
(1197, '9506', 'Idegem', 0),
(1198, '8900', 'Ieper', 0),
(1199, '9340', 'Impe', 0),
(1200, '1315', 'Incourt', 0),
(1201, '8770', 'Ingelmunster', 0),
(1202, '8570', 'Ingooigem', 0),
(1203, '1041', 'International Press Center', 0),
(1204, '7801', 'Irchonwelz', 0),
(1205, '7822', 'Isières', 0),
(1206, '5032', 'Isnes', 0),
(1207, '2222', 'Itegem', 0),
(1208, '1701', 'Itterbeek', 0),
(1209, '1460', 'Ittre', 0),
(1210, '4400', 'Ivoz-Ramet', 0),
(1211, '1050', 'Ixelles', 0),
(1212, '8870', 'Izegem', 0),
(1213, '6810', 'Izel', 0),
(1214, '8691', 'Izenberge', 0),
(1215, '6941', 'Izier', 0),
(1216, '8490', 'Jabbeke', 0),
(1217, '4845', 'Jalhay', 0),
(1218, '5354', 'Jallet', 0),
(1219, '5600', 'Jamagne', 0),
(1220, '5100', 'Jambes (Namur)', 0),
(1221, '5600', 'Jamiolle', 0),
(1222, '6120', 'Jamioulx', 0),
(1223, '6810', 'Jamoigne', 0),
(1224, '1350', 'Jandrain-Jandrenouille', 0),
(1225, '1350', 'Jauche', 0),
(1226, '1370', 'Jauchelette', 0),
(1227, '5570', 'Javingue', 0),
(1228, '4540', 'Jehay', 0),
(1229, '6880', 'Jehonville', 0),
(1230, '7012', 'Jemappes', 0),
(1231, '5580', 'Jemelle', 0),
(1232, '4101', 'Jemeppe-sur-Meuse', 0),
(1233, '5190', 'Jemeppe-sur-Sambre', 0),
(1234, '4357', 'Jeneffe (Lg.)', 0),
(1235, '5370', 'Jeneffe (Nam.)', 0),
(1236, '3840', 'Jesseren (Kolmont)', 0),
(1237, '1090', 'Jette', 0),
(1238, '3890', 'Jeuk', 0),
(1239, '1370', 'Jodoigne', 0),
(1240, '1370', 'Jodoigne-Souveraine', 0),
(1241, '7620', 'Jollain-Merlin', 0),
(1242, '6280', 'Joncret', 0),
(1243, '4650', 'Julémont', 0),
(1244, '6040', 'Jumet (Charleroi)', 0),
(1245, '4020', 'Jupille-sur-Meuse', 0),
(1246, '4450', 'Juprelle', 0),
(1247, '7050', 'Jurbise', 0),
(1248, '6642', 'Juseret', 0),
(1249, '8600', 'Kaaskerke', 0),
(1250, '8870', 'Kachtem', 0),
(1251, '3293', 'Kaggevinne', 0),
(1252, '7540', 'Kain', 0),
(1253, '9270', 'Kalken', 0),
(1254, '9120', 'Kallo (Beveren-Waas)', 0),
(1255, '9130', 'Kallo (Kieldrecht)', 0),
(1256, '2920', 'Kalmthout', 0),
(1257, '1008', 'Kamer van Volksvertegenwoordigers', 0),
(1258, '1910', 'Kampenhout', 0),
(1259, '8700', 'Kanegem', 0),
(1260, '3770', 'Kanne', 0),
(1261, '2950', 'Kapellen (Antw.)', 0),
(1262, '3381', 'Kapellen (Bt.)', 0),
(1263, '1880', 'Kapelle-op-den-Bos', 0),
(1264, '9970', 'Kaprijke', 0),
(1265, '8572', 'Kaster', 0),
(1266, '2460', 'Kasterlee', 0),
(1267, '3950', 'Kaulille', 0),
(1268, '3140', 'Keerbergen', 0),
(1269, '8600', 'Keiem', 0),
(1270, '4720', 'Kelmis', 0),
(1271, '4367', 'Kemexhe', 0),
(1272, '8956', 'Kemmel', 0),
(1273, '9190', 'Kemzeke', 0),
(1274, '8581', 'Kerkhove', 0),
(1275, '3370', 'Kerkom', 0),
(1276, '3800', 'Kerkom-bij-Sint-Truiden', 0),
(1277, '9451', 'Kerksken', 0),
(1278, '3510', 'Kermt (Hasselt)', 0),
(1279, '3840', 'Kerniel', 0),
(1280, '3472', 'Kersbeek-Miskom', 0),
(1281, '2560', 'Kessel', 0),
(1282, '3010', 'Kessel-Lo (Leuven)', 0),
(1283, '3640', 'Kessenich', 0),
(1284, '1755', 'Kester', 0),
(1285, '4701', 'Kettenis', 0),
(1286, '5060', 'Keumiée', 0),
(1287, '9130', 'Kieldrecht (Beveren)', 0),
(1288, '3640', 'Kinrooi', 0),
(1289, '3990', 'Kleine-Brogel', 0),
(1290, '3740', 'Kleine-Spouwen', 0),
(1291, '3870', 'Klein-Gelmen', 0),
(1292, '8420', 'Klemskerke', 0),
(1293, '8650', 'Klerken', 0),
(1294, '9690', 'Kluisbergen', 0),
(1295, '9940', 'Kluizen', 0),
(1296, '9910', 'Knesselare', 0),
(1297, '8300', 'Knokke', 0),
(1298, '8300', 'Knokke-Heist', 0),
(1299, '1730', 'Kobbegem', 0),
(1300, '8680', 'Koekelare', 0),
(1301, '1081', 'Koekelberg', 0),
(1302, '3582', 'Koersel', 0),
(1303, '8670', 'Koksijde', 0),
(1304, '3840', 'Kolmont (Borgloon)', 0),
(1305, '3700', 'Kolmont (Tongeren)', 0),
(1306, '7780', 'Komen', 0),
(1307, '7780', 'Komen-Waasten', 0),
(1308, '2500', 'Koningshooikt', 0),
(1309, '3700', 'Koninksem', 0),
(1310, '2550', 'Kontich', 0),
(1311, '8510', 'Kooigem', 0),
(1312, '8000', 'Koolkerke', 0),
(1313, '8851', 'Koolskamp', 0),
(1314, '3060', 'Korbeek-Dijle', 0),
(1315, '3360', 'Korbeek-Lo', 0),
(1316, '8610', 'Kortemark', 0),
(1317, '3470', 'Kortenaken', 0),
(1318, '3070', 'Kortenberg', 0),
(1319, '3720', 'Kortessem', 0),
(1320, '3890', 'Kortijs', 0),
(1321, '8500', 'Kortrijk', 0),
(1322, '3220', 'Kortrijk-Dutsel', 0),
(1323, '3850', 'Kozen', 0),
(1324, '1950', 'Kraainem', 0),
(1325, '8972', 'Krombeke', 0),
(1326, '9150', 'Kruibeke', 0),
(1327, '9770', 'Kruishoutem', 0),
(1328, '3300', 'Kumtich', 0),
(1329, '3511', 'Kuringen', 0),
(1330, '3840', 'Kuttekoven', 0),
(1331, '8520', 'Kuurne', 0),
(1332, '3945', 'Kwaadmechelen', 0),
(1333, '9690', 'Kwaremont', 0),
(1334, '7080', 'La Bouverie', 0),
(1335, '5080', 'La Bruyère', 0),
(1336, '4720', 'La Calamine', 0),
(1337, '7611', 'La Glanerie', 0),
(1338, '4987', 'La Gleize', 0),
(1339, '7170', 'La Hestre', 0),
(1340, '1310', 'La Hulpe', 0),
(1341, '7100', 'La Louvière', 0),
(1342, '4910', 'La Reid', 0),
(1343, '6980', 'La Roche-en-Ardenne', 0),
(1344, '2430', 'Laakdal', 0),
(1345, '3400', 'Laar', 0),
(1346, '9270', 'Laarne', 0),
(1347, '6567', 'Labuissière', 0),
(1348, '6821', 'Lacuisine', 0),
(1349, '7950', 'Ladeuze', 0),
(1350, '1020', 'Laeken (Bruxelles)', 0),
(1351, '5550', 'Laforêt', 0),
(1352, '7890', 'Lahamaide', 0),
(1353, '1020', 'Laken (Brussel)', 0),
(1354, '7522', 'Lamain', 0),
(1355, '4800', 'Lambermont', 0),
(1356, '6220', 'Lambusart', 0),
(1357, '4350', 'Lamine', 0),
(1358, '4210', 'Lamontzée', 0),
(1359, '6767', 'Lamorteau', 0),
(1360, '8600', 'Lampernisse', 0),
(1361, '3620', 'Lanaken', 0),
(1362, '4600', 'Lanaye', 0),
(1363, '9850', 'Landegem', 0),
(1364, '6111', 'Landelies', 0),
(1365, '3400', 'Landen', 0),
(1366, '5300', 'Landenne', 0),
(1367, '9860', 'Landskouter', 0),
(1368, '5651', 'Laneffe', 0),
(1369, '3201', 'Langdorp', 0),
(1370, '8920', 'Langemark', 0),
(1371, '8920', 'Langemark-Poelkapelle', 0),
(1372, '3650', 'Lanklaar', 0),
(1373, '7800', 'Lanquesaint', 0),
(1374, '4450', 'Lantin', 0),
(1375, '4300', 'Lantremange', 0),
(1376, '7622', 'Laplaigne', 0),
(1377, '8340', 'Lapscheure', 0),
(1378, '1380', 'Lasne', 0),
(1379, '1380', 'Lasne-Chapelle-Saint-Lambert', 0),
(1380, '1370', 'Lathuy', 0),
(1381, '4261', 'Latinne', 0),
(1382, '6761', 'Latour', 0),
(1383, '3700', 'Lauw', 0),
(1384, '8930', 'Lauwe', 0),
(1385, '6681', 'Lavacherie', 0),
(1386, '5580', 'Lavaux-Sainte-Anne', 0),
(1387, '4217', 'Lavoir', 0),
(1388, '5670', 'Le Mesnil', 0),
(1389, '7070', 'Le Roeulx', 0),
(1390, '5070', 'Le Roux', 0),
(1391, '9280', 'Lebbeke', 0),
(1392, '1320', 'l\'Ecluse', 0),
(1393, '9340', 'Lede', 0),
(1394, '9050', 'Ledeberg (Gent)', 0),
(1395, '8880', 'Ledegem', 0),
(1396, '3061', 'Leefdaal', 0),
(1397, '1755', 'Leerbeek', 0),
(1398, '6142', 'Leernes', 0),
(1399, '6530', 'Leers-et-Fosteau', 0),
(1400, '7730', 'Leers-Nord', 0),
(1401, '2811', 'Leest', 0),
(1402, '9620', 'Leeuwergem', 0),
(1403, '8432', 'Leffinge', 0),
(1404, '6860', 'Léglise', 0),
(1405, '5590', 'Leignon', 0),
(1406, '8691', 'Leisele', 0),
(1407, '8600', 'Leke', 0),
(1408, '1502', 'Lembeek', 0),
(1409, '9971', 'Lembeke', 0),
(1410, '9820', 'Lemberge', 0),
(1411, '8860', 'Lendelede', 0),
(1412, '1750', 'Lennik', 0),
(1413, '7870', 'Lens', 0),
(1414, '4280', 'Lens-Saint-Remy', 0),
(1415, '4250', 'Lens-Saint-Servais', 0),
(1416, '4360', 'Lens-sur-Geer', 0),
(1417, '3970', 'Leopoldsburg', 0),
(1418, '4560', 'Les Avins', 0),
(1419, '6210', 'Les Bons Villers', 0),
(1420, '6811', 'Les Bulles', 0),
(1421, '6830', 'Les Hayons', 0),
(1422, '4317', 'Les Waleffes', 0),
(1423, '6464', 'l\'Escaillère', 0),
(1424, '7621', 'Lesdain', 0),
(1425, '7860', 'Lessines', 0),
(1426, '5580', 'Lessive', 0),
(1427, '6953', 'Lesterny', 0),
(1428, '5170', 'Lesve', 0),
(1429, '7850', 'Lettelingen', 0),
(1430, '9521', 'Letterhoutem', 0),
(1431, '6500', 'Leugnies', 0),
(1432, '9700', 'Leupegem', 0),
(1433, '3630', 'Leut', 0),
(1434, '3000', 'Leuven', 0),
(1435, '5310', 'Leuze (Nam.)', 0),
(1436, '7900', 'Leuze-en-Hainaut', 0),
(1437, '6500', 'Leval-Chaudeville', 0),
(1438, '7134', 'Leval-Trahegnies', 0),
(1439, '6238', 'Liberchies', 0),
(1440, '6890', 'Libin', 0),
(1441, '6800', 'Libramont-Chevigny', 0),
(1442, '2460', 'Lichtaart', 0),
(1443, '8810', 'Lichtervelde', 0),
(1444, '1770', 'Liedekerke', 0),
(1445, '9400', 'Lieferinge', 0),
(1446, '4000', 'Liège', 0),
(1447, '4020', 'Liège', 0),
(1448, '4030', 'Liège', 0),
(1449, '2500', 'Lier', 0),
(1450, '9570', 'Lierde', 0),
(1451, '4990', 'Lierneux', 0),
(1452, '5310', 'Liernu', 0),
(1453, '4042', 'Liers', 0),
(1454, '2870', 'Liezele', 0),
(1455, '7812', 'Ligne', 0),
(1456, '4254', 'Ligney', 0),
(1457, '5140', 'Ligny', 0),
(1458, '2275', 'Lille', 0),
(1459, '2040', 'Lillo', 1),
(1460, '1428', 'Lillois-Witterzée', 0),
(1461, '1300', 'Limal', 0),
(1462, '4830', 'Limbourg', 0),
(1463, '1342', 'Limelette', 0),
(1464, '6670', 'Limerlé', 0),
(1465, '4357', 'Limont', 0),
(1466, '4287', 'Lincent', 0),
(1467, '3210', 'Linden', 0),
(1468, '1630', 'Linkebeek', 0),
(1469, '3560', 'Linkhout', 0),
(1470, '1357', 'Linsmeau', 0),
(1471, '2547', 'Lint', 0),
(1472, '3350', 'Linter', 0),
(1473, '2890', 'Lippelo', 0),
(1474, '5501', 'Lisogne', 0),
(1475, '8380', 'Lissewege', 0),
(1476, '5101', 'Lives-sur-Meuse', 0),
(1477, '4600', 'Lixhe', 0),
(1478, '8647', 'Lo', 0),
(1479, '6540', 'Lobbes', 0),
(1480, '9080', 'Lochristi', 0),
(1481, '6042', 'Lodelinsart', 0),
(1482, '2990', 'Loenhout', 0),
(1483, '8958', 'Loker', 0),
(1484, '9160', 'Lokeren', 0),
(1485, '3545', 'Loksbergen', 0),
(1486, '8434', 'Lombardsijde', 0),
(1487, '7870', 'Lombise', 0),
(1488, '3920', 'Lommel', 0),
(1489, '4783', 'Lommersweiler', 0),
(1490, '6463', 'Lompret', 0),
(1491, '6924', 'Lomprez', 0),
(1492, '4431', 'Loncin', 0),
(1493, '1840', 'Londerzeel', 0),
(1494, '6688', 'Longchamps (Lux.)', 0),
(1495, '5310', 'Longchamps (Nam.)', 0),
(1496, '6840', 'Longlier', 0),
(1497, '1325', 'Longueville', 0),
(1498, '6600', 'Longvilly', 0),
(1499, '4710', 'Lontzen', 0),
(1500, '5030', 'Lonzée', 0),
(1501, '3040', 'Loonbeek', 0),
(1502, '8210', 'Loppem', 0),
(1503, '4987', 'Lorcé', 0),
(1504, '8647', 'Lo-Reninge', 0),
(1505, '1651', 'Lot', 0),
(1506, '9880', 'Lotenhulle', 0),
(1507, '5575', 'Louette-Saint-Denis', 0),
(1508, '5575', 'Louette-Saint-Pierre', 0),
(1509, '1471', 'Loupoigne', 0),
(1510, '1348', 'Louvain-la-Neuve', 0),
(1511, '4141', 'Louveigné', 0),
(1512, '9920', 'Lovendegem', 0),
(1513, '3360', 'Lovenjoel', 0),
(1514, '6280', 'Loverval', 0),
(1515, '5101', 'Loyers', 0),
(1516, '3210', 'Lubbeek', 0),
(1517, '7700', 'Luingne', 0),
(1518, '3560', 'Lummen', 0),
(1519, '5170', 'Lustin', 0),
(1520, '6238', 'Luttre', 0),
(1521, '9680', 'Maarkedal', 0),
(1522, '9680', 'Maarke-Kerkem', 0),
(1523, '3680', 'Maaseik', 0),
(1524, '3630', 'Maasmechelen', 0),
(1525, '6663', 'Mabompré', 0),
(1526, '1830', 'Machelen (Bt.)', 0),
(1527, '9870', 'Machelen (O.-Vl.)', 0),
(1528, '6591', 'Macon', 0),
(1529, '6593', 'Macquenoise', 0),
(1530, '5374', 'Maffe', 0),
(1531, '7810', 'Maffle', 0),
(1532, '4623', 'Magnée', 0),
(1533, '5330', 'Maillen', 0),
(1534, '7812', 'Mainvault', 0),
(1535, '7020', 'Maisières', 0),
(1536, '6852', 'Maissin', 0),
(1537, '5300', 'Maizeret', 0),
(1538, '3700', 'Mal', 0),
(1539, '9990', 'Maldegem', 0),
(1540, '1840', 'Malderen', 0),
(1541, '6960', 'Malempré', 0),
(1542, '1360', 'Malèves-Sainte-Marie-Wastines', 0),
(1543, '2390', 'Malle', 0),
(1544, '4960', 'Malmedy', 0),
(1545, '5020', 'Malonne', 0),
(1546, '5575', 'Malvoisin', 0),
(1547, '7170', 'Manage', 0),
(1548, '4760', 'Manderfeld', 0),
(1549, '6960', 'Manhay', 0),
(1550, '8433', 'Mannekensvere', 0),
(1551, '1380', 'Maransart', 0),
(1552, '1495', 'Marbais (Bt.)', 0),
(1553, '6120', 'Marbaix (Ht.)', 0),
(1554, '6724', 'Marbehan', 0),
(1555, '6900', 'Marche-en-Famenne', 0),
(1556, '5024', 'Marche-les-Dames', 0),
(1557, '7190', 'Marche-lez-Ecaussinnes', 0),
(1558, '6030', 'Marchienne-au-Pont', 0),
(1559, '4570', 'Marchin', 0),
(1560, '7387', 'Marchipont', 0),
(1561, '5380', 'Marchovelette', 0),
(1562, '6001', 'Marcinelle', 0),
(1563, '6987', 'Marcourt', 0),
(1564, '7850', 'Marcq', 0),
(1565, '6990', 'Marenne', 0),
(1566, '9030', 'Mariakerke (Gent)', 0),
(1567, '2880', 'Mariekerke (Bornem)', 0),
(1568, '5660', 'Mariembourg', 0),
(1569, '1350', 'Marilles', 0),
(1570, '7850', 'Mark', 0),
(1571, '8510', 'Marke (Kortrijk)', 0),
(1572, '8720', 'Markegem', 0),
(1573, '4210', 'Marneffe', 0),
(1574, '7522', 'Marquain', 0),
(1575, '6630', 'Martelange', 0),
(1576, '3742', 'Martenslinde', 0),
(1577, '5573', 'Martouzin-Neuville', 0),
(1578, '6953', 'Masbourg', 0),
(1579, '7050', 'Masnuy-Saint-Jean (Jurbise)', 0),
(1580, '7050', 'Masnuy-Saint-Pierre', 0),
(1581, '9230', 'Massemen', 0),
(1582, '2240', 'Massenhoven', 0),
(1583, '5680', 'Matagne-la-Grande', 0),
(1584, '5680', 'Matagne-la-Petite', 0),
(1585, '9700', 'Mater', 0),
(1586, '7640', 'Maubray', 0),
(1587, '7534', 'Maulde', 0),
(1588, '7110', 'Maurage', 0),
(1589, '5670', 'Mazée', 0),
(1590, '1745', 'Mazenzele', 0),
(1591, '5032', 'Mazy', 0),
(1592, '5372', 'Méan', 0),
(1593, '2800', 'Mechelen', 0),
(1594, '3630', 'Mechelen-aan-de-Maas', 0),
(1595, '3870', 'Mechelen-Bovelingen', 0),
(1596, '4219', 'Meeffe', 0),
(1597, '3391', 'Meensel-Kiezegem', 0),
(1598, '2321', 'Meer', 0),
(1599, '3078', 'Meerbeek', 0),
(1600, '9402', 'Meerbeke', 0),
(1601, '9170', 'Meerdonk', 0),
(1602, '2450', 'Meerhout', 0),
(1603, '2328', 'Meerle', 0),
(1604, '3630', 'Meeswijk', 0),
(1605, '8377', 'Meetkerke', 0),
(1606, '3670', 'Meeuwen', 0),
(1607, '3670', 'Meeuwen-Gruitrode', 0),
(1608, '5310', 'Mehaigne', 0),
(1609, '9800', 'Meigem', 0),
(1610, '9630', 'Meilegem', 0),
(1611, '1860', 'Meise', 0),
(1612, '6769', 'Meix-Devant-Virton', 0),
(1613, '6747', 'Meix-le-Tige', 0),
(1614, '9700', 'Melden', 0),
(1615, '3320', 'Meldert (Bt.)', 0),
(1616, '3560', 'Meldert (Limb.)', 0),
(1617, '9310', 'Meldert (O.-Vl.)', 0),
(1618, '4633', 'Melen', 0),
(1619, '1370', 'Mélin', 0),
(1620, '3350', 'Melkwezer', 0),
(1621, '9090', 'Melle', 0),
(1622, '1495', 'Mellery', 0),
(1623, '7540', 'Melles', 0),
(1624, '6211', 'Mellet', 0),
(1625, '6860', 'Mellier', 0),
(1626, '1820', 'Melsbroek', 0),
(1627, '9120', 'Melsele', 0),
(1628, '9820', 'Melsen', 0),
(1629, '4837', 'Membach', 0),
(1630, '5550', 'Membre', 0),
(1631, '3770', 'Membruggen', 0),
(1632, '9042', 'Mendonk', 0),
(1633, '8930', 'Menen', 0),
(1634, '6567', 'Merbes-le-Château', 0),
(1635, '6567', 'Merbes-Sainte-Marie', 0),
(1636, '1785', 'Merchtem', 0),
(1637, '4280', 'Merdorp', 0),
(1638, '9420', 'Mere', 0),
(1639, '9820', 'Merelbeke', 0),
(1640, '9850', 'Merendree', 0),
(1641, '8650', 'Merkem', 0),
(1642, '2170', 'Merksem (Antwerpen)', 0),
(1643, '2330', 'Merksplas', 0),
(1644, '5600', 'Merlemont', 0),
(1645, '8957', 'Mesen', 0),
(1646, '7822', 'Meslin-l\'Evêque', 0),
(1647, '5560', 'Mesnil-Eglise', 0),
(1648, '5560', 'Mesnil-Saint-Blaise', 0),
(1649, '9200', 'Mespelare', 0),
(1650, '6780', 'Messancy', 0),
(1651, '3272', 'Messelbroek', 0),
(1652, '8957', 'Messines', 0),
(1653, '7022', 'Mesvin', 0),
(1654, '3870', 'Mettekoven', 0),
(1655, '5640', 'Mettet', 0),
(1656, '8760', 'Meulebeke', 0),
(1657, '5081', 'Meux', 0),
(1658, '7942', 'Mévergnies-lez-Lens', 0),
(1659, '4770', 'Meyerode', 0),
(1660, '9660', 'Michelbeke', 0),
(1661, '4630', 'Micheroux', 0),
(1662, '9992', 'Middelburg', 0);
INSERT INTO `plaatsen` (`plaatsId`, `postcode`, `woonplaats`, `beschikbaar`) VALUES
(1663, '8430', 'Middelkerke', 0),
(1664, '5376', 'Miécret', 0),
(1665, '3891', 'Mielen-Boven-Aalst', 0),
(1666, '7070', 'Mignault', 0),
(1667, '3770', 'Millen', 0),
(1668, '4041', 'Milmort', 0),
(1669, '2322', 'Minderhout', 0),
(1670, '6870', 'Mirwart', 0),
(1671, '4577', 'Modave', 0),
(1672, '3790', 'Moelingen', 0),
(1673, '8552', 'Moen', 0),
(1674, '9500', 'Moerbeke', 0),
(1675, '9180', 'Moerbeke-Waas', 0),
(1676, '8470', 'Moere', 0),
(1677, '8340', 'Moerkerke', 0),
(1678, '9220', 'Moerzeke', 0),
(1679, '7700', 'Moeskroen', 0),
(1680, '4520', 'Moha', 0),
(1681, '5361', 'Mohiville', 0),
(1682, '5060', 'Moignelée', 0),
(1683, '6800', 'Moircy', 0),
(1684, '2400', 'Mol', 0),
(1685, '7760', 'Molenbaix', 0),
(1686, '1080', 'Molenbeek-Saint-Jean', 0),
(1687, '3461', 'Molenbeek-Wersbeek', 0),
(1688, '3640', 'Molenbeersel', 0),
(1689, '3294', 'Molenstede', 0),
(1690, '1730', 'Mollem', 0),
(1691, '4350', 'Momalle', 0),
(1692, '6590', 'Momignies', 0),
(1693, '5555', 'Monceau-en-Ardenne', 0),
(1694, '6592', 'Monceau-Imbrechies', 0),
(1695, '6031', 'Monceau-sur-Sambre', 0),
(1696, '7000', 'Mons', 0),
(1697, '4400', 'Mons-lez-Liège', 0),
(1698, '1400', 'Monstreux', 0),
(1699, '6661', 'Mont (Lux.)', 0),
(1700, '5530', 'Mont (Nam.)', 0),
(1701, '6470', 'Montbliart', 0),
(1702, '7750', 'Mont-de-l\'Enclus', 0),
(1703, '4420', 'Montegnée', 0),
(1704, '3890', 'Montenaken', 0),
(1705, '5580', 'Mont-Gauthier', 0),
(1706, '7870', 'Montignies-lez-Lens', 0),
(1707, '6560', 'Montignies-Saint-Christophe', 0),
(1708, '7387', 'Montignies-sur-Roc', 0),
(1709, '6061', 'Montignies-sur-Sambre', 0),
(1710, '6110', 'Montigny-le-Tilleul', 0),
(1711, '6674', 'Montleban', 0),
(1712, '7911', 'Montroeul-au-Bois', 0),
(1713, '7350', 'Montroeul-sur-Haine', 0),
(1714, '1367', 'Mont-Saint-André', 0),
(1715, '7542', 'Mont-Saint-Aubert', 0),
(1716, '7141', 'Mont-Sainte-Aldegonde', 0),
(1717, '6540', 'Mont-Sainte-Geneviève', 0),
(1718, '1435', 'Mont-Saint-Guibert', 0),
(1719, '6032', 'Mont-sur-Marchienne', 0),
(1720, '4850', 'Montzen', 0),
(1721, '9310', 'Moorsel', 0),
(1722, '8560', 'Moorsele', 0),
(1723, '8890', 'Moorslede', 0),
(1724, '9860', 'Moortsele', 0),
(1725, '3740', 'Mopertingen', 0),
(1726, '9790', 'Moregem', 0),
(1727, '4850', 'Moresnet', 0),
(1728, '6640', 'Morhet', 0),
(1729, '5621', 'Morialmé', 0),
(1730, '2200', 'Morkhoven', 0),
(1731, '7140', 'Morlanwelz', 0),
(1732, '7140', 'Morlanwelz-Mariemont', 0),
(1733, '6997', 'Mormont', 0),
(1734, '5190', 'Mornimont', 0),
(1735, '4670', 'Mortier', 0),
(1736, '4607', 'Mortroux', 0),
(1737, '2640', 'Mortsel', 0),
(1738, '5620', 'Morville', 0),
(1739, '3790', 'Mouland', 0),
(1740, '7812', 'Moulbaix', 0),
(1741, '7543', 'Mourcourt', 0),
(1742, '7700', 'Mouscron', 0),
(1743, '7911', 'Moustier (Ht.)', 0),
(1744, '5190', 'Moustier-sur-Sambre', 0),
(1745, '5550', 'Mouzaive', 0),
(1746, '4280', 'Moxhe', 0),
(1747, '5340', 'Mozet', 0),
(1748, '3891', 'Muizen (Limb.)', 0),
(1749, '2812', 'Muizen (Mechelen)', 0),
(1750, '9700', 'Mullem', 0),
(1751, '9630', 'Munkzwalm', 0),
(1752, '6820', 'Muno', 0),
(1753, '3740', 'Munsterbilzen', 0),
(1754, '9820', 'Munte', 0),
(1755, '6750', 'Musson', 0),
(1756, '6750', 'Mussy-la-Ville', 0),
(1757, '4190', 'My', 0),
(1758, '7062', 'Naast', 0),
(1759, '6660', 'Nadrin', 0),
(1760, '5550', 'Nafraiture', 0),
(1761, '6120', 'Nalinnes', 0),
(1762, '5300', 'Namêche', 0),
(1763, '5000', 'Namur', 0),
(1764, '4550', 'Nandrin', 0),
(1765, '5100', 'Naninne', 0),
(1766, '5555', 'Naomé', 0),
(1767, '6950', 'Nassogne', 0),
(1768, '5360', 'Natoye', 0),
(1769, '1110', 'NAVO - NATO', 0),
(1770, '9810', 'Nazareth', 0),
(1771, '7730', 'Néchin', 0),
(1772, '9500', 'Nederboelare', 0),
(1773, '9660', 'Nederbrakel', 0),
(1774, '9700', 'Nederename', 0),
(1775, '9400', 'Nederhasselt', 0),
(1776, '1910', 'Nederokkerzeel', 0),
(1777, '1120', 'Neder-Over-Heembeek (Bru.)', 0),
(1778, '9636', 'Nederzwalm-Hermelgem', 0),
(1779, '3670', 'Neerglabbeek', 0),
(1780, '3620', 'Neerharen', 0),
(1781, '3350', 'Neerhespen', 0),
(1782, '1357', 'Neerheylissem', 0),
(1783, '3040', 'Neerijse', 0),
(1784, '3404', 'Neerlanden', 0),
(1785, '3350', 'Neerlinter', 0),
(1786, '3680', 'Neeroeteren', 0),
(1787, '3910', 'Neerpelt', 0),
(1788, '3700', 'Neerrepen', 0),
(1789, '3370', 'Neervelp', 0),
(1790, '7784', 'Neerwaasten', 0),
(1791, '3400', 'Neerwinden', 0),
(1792, '9403', 'Neigem', 0),
(1793, '3700', 'Nerem', 0),
(1794, '4870', 'Nessonvaux', 0),
(1795, '1390', 'Nethen', 0),
(1796, '5377', 'Nettinne', 0),
(1797, '6840', 'Neufchâteau', 0),
(1798, '4608', 'Neufchâteau (Lg.)', 0),
(1799, '7332', 'Neufmaison', 0),
(1800, '7063', 'Neufvilles', 0),
(1801, '4721', 'Neu-Moresnet', 0),
(1802, '4120', 'Neupré', 0),
(1803, '5600', 'Neuville (Philippeville)', 0),
(1804, '4121', 'Neuville-en-Condroz', 0),
(1805, '9850', 'Nevele', 0),
(1806, '2845', 'Niel', 0),
(1807, '3668', 'Niel-bij-As', 0),
(1808, '3890', 'Niel-bij-Sint-Truiden', 0),
(1809, '9506', 'Nieuwenhove', 0),
(1810, '1880', 'Nieuwenrode', 0),
(1811, '9320', 'Nieuwerkerken (Aalst)', 0),
(1812, '3850', 'Nieuwerkerken (Limb.)', 0),
(1813, '8600', 'Nieuwkapelle', 0),
(1814, '8950', 'Nieuwkerke', 0),
(1815, '9100', 'Nieuwkerken-Waas', 0),
(1816, '8377', 'Nieuwmunster', 0),
(1817, '8620', 'Nieuwpoort', 0),
(1818, '3221', 'Nieuwrode', 0),
(1819, '2560', 'Nijlen', 0),
(1820, '1457', 'Nil-Saint-Vincent-Saint-Martin', 0),
(1821, '7020', 'Nimy', 0),
(1822, '9400', 'Ninove', 0),
(1823, '5670', 'Nismes', 0),
(1824, '1400', 'Nivelles', 0),
(1825, '5680', 'Niverlée', 0),
(1826, '6640', 'Nives', 0),
(1827, '6717', 'Nobressart', 0),
(1828, '1320', 'Nodebais', 0),
(1829, '1350', 'Noduwez', 0),
(1830, '7080', 'Noirchain', 0),
(1831, '6831', 'Noirefontaine', 0),
(1832, '5377', 'Noiseux', 0),
(1833, '9771', 'Nokere', 0),
(1834, '6851', 'Nollevaux', 0),
(1835, '2200', 'Noorderwijk', 0),
(1836, '8647', 'Noordschote', 0),
(1837, '1930', 'Nossegem', 0),
(1838, '6717', 'Nothomb', 0),
(1839, '7022', 'Nouvelles', 0),
(1840, '4347', 'Noville (Lg.)', 0),
(1841, '6600', 'Noville (Lux.)', 0),
(1842, '5380', 'Noville-les-Bois', 0),
(1843, '5310', 'Noville-sur-Méhaigne', 0),
(1844, '9681', 'Nukerke', 0),
(1845, '6230', 'Obaix', 0),
(1846, '7743', 'Obigies', 0),
(1847, '7034', 'Obourg', 0),
(1848, '6890', 'Ochamps', 0),
(1849, '4560', 'Ocquier', 0),
(1850, '6960', 'Odeigne', 0),
(1851, '4367', 'Odeur', 0),
(1852, '8730', 'Oedelem', 0),
(1853, '8800', 'Oekene', 0),
(1854, '2520', 'Oelegem', 0),
(1855, '8690', 'Oeren', 0),
(1856, '8720', 'Oeselgem', 0),
(1857, '1755', 'Oetingen', 0),
(1858, '7911', 'Oeudeghien', 0),
(1859, '2260', 'Oevel', 0),
(1860, '6850', 'Offagne', 0),
(1861, '7862', 'Ogy', 0),
(1862, '1380', 'Ohain', 0),
(1863, '5350', 'Ohey', 0),
(1864, '5670', 'Oignies-en-Thiérache', 0),
(1865, '1480', 'Oisquercq', 0),
(1866, '5555', 'Oizy', 0),
(1867, '9400', 'Okegem', 0),
(1868, '2250', 'Olen', 0),
(1869, '4300', 'Oleye', 0),
(1870, '7866', 'Ollignies', 0),
(1871, '5670', 'Olloy-sur-Viroin', 0),
(1872, '2491', 'Olmen', 0),
(1873, '4877', 'Olne', 0),
(1874, '9870', 'Olsene', 0),
(1875, '4252', 'Omal', 0),
(1876, '4540', 'Ombret', 0),
(1877, '5600', 'Omezée', 0),
(1878, '6900', 'On', 0),
(1879, '5520', 'Onhaye', 0),
(1880, '9500', 'Onkerzele', 0),
(1881, '7387', 'Onnezies', 0),
(1882, '5190', 'Onoz', 0),
(1883, '1760', 'Onze-Lieve-Vrouw-Lombeek', 0),
(1884, '2861', 'Onze-Lieve-Vrouw-Waver', 0),
(1885, '8710', 'Ooigem', 0),
(1886, '9790', 'Ooike (Wortegem-Petegem)', 0),
(1887, '9620', 'Oombergen (Zottegem)', 0),
(1888, '3300', 'Oorbeek', 0),
(1889, '9340', 'Oordegem', 0),
(1890, '9041', 'Oostakker', 0),
(1891, '8670', 'Oostduinkerke', 0),
(1892, '9968', 'Oosteeklo', 0),
(1893, '8400', 'Oostende', 0),
(1894, '9860', 'Oosterzele', 0),
(1895, '3945', 'Oostham', 0),
(1896, '8020', 'Oostkamp', 0),
(1897, '8340', 'Oostkerke (Damme)', 0),
(1898, '8600', 'Oostkerke (Diksmuide)', 0),
(1899, '2390', 'Oostmalle', 0),
(1900, '8840', 'Oostnieuwkerke', 0),
(1901, '8780', 'Oostrozebeke', 0),
(1902, '8640', 'Oostvleteren', 0),
(1903, '9931', 'Oostwinkel', 0),
(1904, '9660', 'Opbrakel', 0),
(1905, '9255', 'Opdorp', 0),
(1906, '3660', 'Opglabbeek', 0),
(1907, '3630', 'Opgrimbie', 0),
(1908, '1421', 'Ophain-Bois-Seigneur-Isaac', 0),
(1909, '9500', 'Ophasselt', 0),
(1910, '3870', 'Opheers', 0),
(1911, '1357', 'Opheylissem', 0),
(1912, '3640', 'Ophoven', 0),
(1913, '3960', 'Opitter', 0),
(1914, '3300', 'Oplinter', 0),
(1915, '3680', 'Opoeteren', 0),
(1916, '6852', 'Opont', 0),
(1917, '1315', 'Opprebais', 0),
(1918, '2890', 'Oppuurs', 0),
(1919, '3360', 'Opvelp', 0),
(1920, '1745', 'Opwijk', 0),
(1921, '1360', 'Orbais', 0),
(1922, '5550', 'Orchimont', 0),
(1923, '7501', 'Orcq', 0),
(1924, '3800', 'Ordingen', 0),
(1925, '5640', 'Oret', 0),
(1926, '4360', 'Oreye', 0),
(1927, '1031', 'Organisations Sociales Chrétiennes', 0),
(1928, '6880', 'Orgeo', 0),
(1929, '7802', 'Ormeignies', 0),
(1930, '1350', 'Orp-Jauche', 0),
(1931, '1350', 'Orp-le-Grand', 0),
(1932, '7750', 'Orroir', 0),
(1933, '3350', 'Orsmaal-Gussenhoven', 0),
(1934, '6983', 'Ortho', 0),
(1935, '7804', 'Ostiches', 0),
(1936, '1110', 'OTAN - NATO', 0),
(1937, '8553', 'Otegem', 0),
(1938, '4210', 'Oteppe', 0),
(1939, '4340', 'Othée', 0),
(1940, '4360', 'Otrange', 0),
(1941, '3040', 'Ottenburg', 0),
(1942, '9420', 'Ottergem', 0),
(1943, '1340', 'Ottignies', 0),
(1944, '1340', 'Ottignies-Louvain-la-Neuve', 0),
(1945, '9200', 'Oudegem', 0),
(1946, '8600', 'Oudekapelle', 0),
(1947, '9700', 'Oudenaarde', 0),
(1948, '1600', 'Oudenaken', 0),
(1949, '8460', 'Oudenburg', 0),
(1950, '1160', 'Oudergem', 0),
(1951, '3050', 'Oud-Heverlee', 0),
(1952, '2360', 'Oud-Turnhout', 0),
(1953, '4590', 'Ouffet', 0),
(1954, '4102', 'Ougrée', 0),
(1955, '4680', 'Oupeye', 0),
(1956, '9406', 'Outer', 0),
(1957, '3321', 'Outgaarden', 0),
(1958, '4577', 'Outrelouxhe', 0),
(1959, '8582', 'Outrijve', 0),
(1960, '9750', 'Ouwegem', 0),
(1961, '9500', 'Overboelare', 0),
(1962, '3350', 'Overhespen', 0),
(1963, '3090', 'Overijse', 0),
(1964, '9290', 'Overmere', 0),
(1965, '3900', 'Overpelt', 0),
(1966, '3700', 'Overrepen (Kolmont)', 0),
(1967, '3400', 'Overwinden', 0),
(1968, '3583', 'Paal', 0),
(1969, '4452', 'Paifve', 0),
(1970, '4560', 'Pailhe', 0),
(1971, '6850', 'Paliseul', 0),
(1972, '1760', 'Pamel', 0),
(1973, '7861', 'Papignies', 0),
(1974, '9661', 'Parike', 0),
(1975, '1012', 'Parlement de la Communauté française', 0),
(1976, '1047', 'Parlement Européen', 0),
(1977, '8980', 'Passendale', 0),
(1978, '5575', 'Patignies', 0),
(1979, '7340', 'Paturages', 0),
(1980, '9630', 'Paulatem', 0),
(1981, '7740', 'Pecq', 0),
(1982, '3990', 'Peer', 0),
(1983, '7120', 'Peissant', 0),
(1984, '4287', 'Pellaines', 0),
(1985, '3212', 'Pellenberg', 0),
(1986, '1670', 'Pepingen', 0),
(1987, '4860', 'Pepinster', 0),
(1988, '1820', 'Perk', 0),
(1989, '7640', 'Péronnes-lez-Antoing', 0),
(1990, '7134', 'Péronnes-lez-Binche', 0),
(1991, '7600', 'Péruwelz', 0),
(1992, '8600', 'Pervijze', 0),
(1993, '1360', 'Perwez', 0),
(1994, '5352', 'Perwez-Haillot', 0),
(1995, '5660', 'Pesche', 0),
(1996, '5590', 'Pessoux', 0),
(1997, '9800', 'Petegem-aan-de-Leie', 0),
(1998, '9790', 'Petegem-aan-de-Schelde', 0),
(1999, '5660', 'Petigny', 0),
(2000, '5660', 'Petite-Chapelle', 0),
(2001, '7850', 'Petit-Enghien', 0),
(2002, '5555', 'Petit-Fays', 0),
(2003, '4280', 'Petit-Hallet', 0),
(2004, '4800', 'Petit-Rechain', 0),
(2005, '7090', 'Petit-Roeulx-lez-Braine', 0),
(2006, '7181', 'Petit-Roeulx-lez-Nivelles', 0),
(2007, '6692', 'Petit-Thier', 0),
(2008, '1800', 'Peutie', 0),
(2009, '5600', 'Philippeville', 0),
(2010, '7160', 'Piéton', 0),
(2011, '1370', 'Piétrain', 0),
(2012, '1315', 'Piètrebais', 0),
(2013, '7904', 'Pipaix', 0),
(2014, '3700', 'Piringen (Haren)', 0),
(2015, '6240', 'Pironchamps', 0),
(2016, '8740', 'Pittem', 0),
(2017, '4122', 'Plainevaux', 0),
(2018, '1380', 'Plancenoit', 0),
(2019, '7782', 'Ploegsteert', 0),
(2020, '4850', 'Plombières', 0),
(2021, '2275', 'Poederlee', 0),
(2022, '9880', 'Poeke', 0),
(2023, '8920', 'Poelkapelle', 0),
(2024, '9850', 'Poesele', 0),
(2025, '9401', 'Pollare', 0),
(2026, '4910', 'Polleur', 0),
(2027, '8647', 'Pollinkhove', 0),
(2028, '7322', 'Pommeroeul', 0),
(2029, '5574', 'Pondrôme', 0),
(2030, '6230', 'Pont-à-Celles', 0),
(2031, '6250', 'Pont-de-Loup', 0),
(2032, '5380', 'Pontillas', 0),
(2033, '8970', 'Poperinge', 0),
(2034, '2382', 'Poppel', 0),
(2035, '7760', 'Popuelles', 0),
(2036, '6929', 'Porcheresse (Lux.)', 0),
(2037, '5370', 'Porcheresse (Nam.)', 0),
(2038, '1100', 'Postcheque', 0),
(2039, '7760', 'Pottes', 0),
(2040, '4280', 'Poucet', 0),
(2041, '4171', 'Poulseur', 0),
(2042, '6830', 'Poupehan', 0),
(2043, '4350', 'Pousset', 0),
(2044, '5660', 'Presgaux', 0),
(2045, '6250', 'Presles', 0),
(2046, '5170', 'Profondeville', 0),
(2047, '1414', 'Promo-Control', 0),
(2048, '8972', 'Proven', 0),
(2049, '5650', 'Pry', 0),
(2050, '2242', 'Pulderbos', 0),
(2051, '2243', 'Pulle', 0),
(2052, '5530', 'Purnode', 0),
(2053, '5550', 'Pussemange', 0),
(2054, '2580', 'Putte', 0),
(2055, '2870', 'Puurs', 0),
(2056, '7390', 'Quaregnon', 0),
(2057, '7540', 'Quartes', 0),
(2058, '1430', 'Quenast', 0),
(2059, '4610', 'Queue-du-Bois', 0),
(2060, '7972', 'Quevaucamps', 0),
(2061, '7040', 'Quévy', 0),
(2062, '7040', 'Quévy-le-Grand', 0),
(2063, '7040', 'Quévy-le-Petit', 0),
(2064, '7380', 'Quiévrain', 0),
(2065, '1201', 'R.T.L. - T.V.I.', 0),
(2066, '1006', 'Raad Vlaamse Gemeenschapscommissie', 0),
(2067, '6792', 'Rachecourt', 0),
(2068, '4287', 'Racour', 0),
(2069, '4730', 'Raeren', 0),
(2070, '6532', 'Ragnies', 0),
(2071, '4987', 'Rahier', 0),
(2072, '7971', 'Ramegnies', 0),
(2073, '7520', 'Ramegnies-Chin', 0),
(2074, '4557', 'Ramelot', 0),
(2075, '1367', 'Ramillies', 0),
(2076, '1880', 'Ramsdonk', 0),
(2077, '2230', 'Ramsel', 0),
(2078, '8301', 'Ramskapelle (Knokke-Heist)', 0),
(2079, '8620', 'Ramskapelle (Nieuwpoort)', 0),
(2080, '6470', 'Rance', 0),
(2081, '6043', 'Ransart', 0),
(2082, '3470', 'Ransberg', 0),
(2083, '2520', 'Ranst', 0),
(2084, '2380', 'Ravels', 0),
(2085, '7804', 'Rebaix', 0),
(2086, '1430', 'Rebecq', 0),
(2087, '1430', 'Rebecq-Rognon', 0),
(2088, '4780', 'Recht', 0),
(2089, '6800', 'Recogne', 0),
(2090, '6890', 'Redu', 0),
(2091, '2840', 'Reet', 0),
(2092, '3621', 'Rekem', 0),
(2093, '8930', 'Rekkem', 0),
(2094, '1731', 'Relegem', 0),
(2095, '6800', 'Remagne', 0),
(2096, '3791', 'Remersdaal', 0),
(2097, '4350', 'Remicourt', 0),
(2098, '9600', 'Renaix', 0),
(2099, '6987', 'Rendeux', 0),
(2100, '8647', 'Reninge', 0),
(2101, '8970', 'Reningelst', 0),
(2102, '6500', 'Renlies', 0),
(2103, '3950', 'Reppel', 0),
(2104, '7134', 'Ressaix', 0),
(2105, '9551', 'Ressegem', 0),
(2106, '6927', 'Resteigne', 0),
(2107, '2470', 'Retie', 0),
(2108, '4621', 'Retinne', 0),
(2109, '4790', 'Reuland', 0),
(2110, '6210', 'Rèves', 0),
(2111, '5080', 'Rhisnes', 0),
(2112, '1640', 'Rhode-Saint-Genese', 0),
(2113, '4600', 'Richelle', 0),
(2114, '3770', 'Riemst', 0),
(2115, '5575', 'Rienne', 0),
(2116, '6464', 'Rièzes', 0),
(2117, '3840', 'Rijkel', 0),
(2118, '2310', 'Rijkevorsel', 0),
(2119, '3740', 'Rijkhoven', 0),
(2120, '1010', 'Rijksadministratief Centrum', 0),
(2121, '2820', 'Rijmenam', 0),
(2122, '3700', 'Riksingen', 0),
(2123, '3202', 'Rillaar', 0),
(2124, '5170', 'Rivière', 0),
(2125, '1330', 'Rixensart', 0),
(2126, '6460', 'Robechies', 0),
(2127, '6769', 'Robelmont', 0),
(2128, '4950', 'Robertville', 0),
(2129, '9630', 'Roborst', 0),
(2130, '5580', 'Rochefort', 0),
(2131, '6830', 'Rochehaut', 0),
(2132, '4761', 'Rocherath', 0),
(2133, '4690', 'Roclenge-sur-Geer', 0),
(2134, '4000', 'Rocourt', 0),
(2135, '8972', 'Roesbrugge-Haringe', 0),
(2136, '8800', 'Roeselare', 0),
(2137, '5651', 'Rognée', 0),
(2138, '7387', 'Roisin', 0),
(2139, '8460', 'Roksem', 0),
(2140, '8510', 'Rollegem', 0),
(2141, '8880', 'Rollegem-Kapelle', 0),
(2142, '4347', 'Roloux', 0),
(2143, '5600', 'Roly', 0),
(2144, '5600', 'Romedenne', 0),
(2145, '5680', 'Romerée', 0),
(2146, '3730', 'Romershoven', 0),
(2147, '4624', 'Romsée', 0),
(2148, '7623', 'Rongy', 0),
(2149, '7090', 'Ronquières', 0),
(2150, '9600', 'Ronse', 0),
(2151, '9932', 'Ronsele', 0),
(2152, '3370', 'Roosbeek', 0),
(2153, '1760', 'Roosdaal', 0),
(2154, '5620', 'Rosée', 0),
(2155, '6250', 'Roselies', 0),
(2156, '1331', 'Rosières', 0),
(2157, '3740', 'Rosmeer', 0),
(2158, '4257', 'Rosoux-Crenwick', 0),
(2159, '6730', 'Rossignol', 0),
(2160, '3650', 'Rotem', 0),
(2161, '4120', 'Rotheux-Rimière', 0),
(2162, '3110', 'Rotselaar', 0),
(2163, '7601', 'Roucourt', 0),
(2164, '7120', 'Rouveroy (Ht.)', 0),
(2165, '4140', 'Rouvreux', 0),
(2166, '6767', 'Rouvroy', 0),
(2167, '6044', 'Roux', 0),
(2168, '1315', 'Roux-Miroir', 0),
(2169, '6900', 'Roy', 0),
(2170, '9630', 'Rozebeke', 0),
(2171, '1044', 'RTBF', 0),
(2172, '8020', 'Ruddervoorde', 0),
(2173, '6760', 'Ruette', 0),
(2174, '9690', 'Ruien', 0),
(2175, '2870', 'Ruisbroek (Antw.)', 0),
(2176, '1601', 'Ruisbroek (Bt.)', 0),
(2177, '8755', 'Ruiselede', 0),
(2178, '3870', 'Rukkelingen-Loon', 0),
(2179, '6724', 'Rulles', 0),
(2180, '8800', 'Rumbeke', 0),
(2181, '7610', 'Rumes', 0),
(2182, '7540', 'Rumillies', 0),
(2183, '3454', 'Rummen', 0),
(2184, '3400', 'Rumsdorp', 0),
(2185, '2840', 'Rumst', 0),
(2186, '3803', 'Runkelen', 0),
(2187, '9150', 'Rupelmonde', 0),
(2188, '7750', 'Russeignies', 0),
(2189, '3700', 'Rutten', 0),
(2190, '3798', '\'s Gravenvoeren', 0),
(2191, '2970', '\'s Gravenwezel', 0),
(2192, '3700', '\'s Herenelderen', 0),
(2193, '7010', 'S.H.A.P.E. België', 0),
(2194, '7010', 'S.H.A.P.E. Belgique', 0),
(2195, '6221', 'Saint-Amand', 0),
(2196, '4606', 'Saint-André', 0),
(2197, '5620', 'Saint-Aubin', 0),
(2198, '7034', 'Saint-Denis (Ht.)', 0),
(2199, '5081', 'Saint-Denis-Bovesse', 0),
(2200, '6820', 'Sainte-Cécile', 0),
(2201, '6800', 'Sainte-Marie-Chevigny', 0),
(2202, '6740', 'Sainte-Marie-sur-Semois', 0),
(2203, '6680', 'Sainte-Ode', 0),
(2204, '1480', 'Saintes', 0),
(2205, '4470', 'Saint-Georges-sur-Meuse', 0),
(2206, '5640', 'Saint-Gérard', 0),
(2207, '5310', 'Saint-Germain', 0),
(2208, '1450', 'Saint-Géry', 0),
(2209, '7330', 'Saint-Ghislain', 0),
(2210, '1060', 'Saint-Gilles', 0),
(2211, '6870', 'Saint-Hubert', 0),
(2212, '1370', 'Saint-Jean-Geest', 0),
(2213, '1210', 'Saint-Josse-ten-Noode', 0),
(2214, '7730', 'Saint-Léger (Ht.)', 0),
(2215, '6747', 'Saint-Léger (Lux.)', 0),
(2216, '5003', 'Saint-Marc', 0),
(2217, '6762', 'Saint-Mard', 0),
(2218, '5190', 'Saint-Martin', 0),
(2219, '7500', 'Saint-Maur', 0),
(2220, '6887', 'Saint-Médard', 0),
(2221, '4420', 'Saint-Nicolas (Lg.)', 0),
(2222, '6800', 'Saint-Pierre', 0),
(2223, '6460', 'Saint-Remy (Ht.)', 0),
(2224, '4672', 'Saint-Remy (Lg.)', 0),
(2225, '1370', 'Saint-Remy-Geest', 0),
(2226, '7912', 'Saint-Sauveur', 0),
(2227, '5002', 'Saint-Servais', 0),
(2228, '4550', 'Saint-Séverin', 0),
(2229, '7030', 'Saint-Symphorien', 0),
(2230, '7100', 'Saint-Vaast', 0),
(2231, '6730', 'Saint-Vincent', 0),
(2232, '4780', 'Saint-Vith', 0),
(2233, '4671', 'Saive', 0),
(2234, '6460', 'Salles', 0),
(2235, '5600', 'Samart', 0),
(2236, '5060', 'Sambreville', 0),
(2237, '6982', 'Samrée', 0),
(2238, '4780', 'Sankt Vith', 0),
(2239, '7080', 'Sars-la-Bruyère', 0),
(2240, '6542', 'Sars-la-Buissière', 0),
(2241, '5330', 'Sart-Bernard', 0),
(2242, '5575', 'Sart-Custinne', 0),
(2243, '1495', 'Sart-Dames-Avelines', 0),
(2244, '5600', 'Sart-en-Fagne', 0),
(2245, '5070', 'Sart-Eustache', 0),
(2246, '4845', 'Sart-lez-Spa', 0),
(2247, '5070', 'Sart-Saint-Laurent', 0),
(2248, '6470', 'Sautin', 0),
(2249, '5600', 'Sautour', 0),
(2250, '5030', 'Sauvenière', 0),
(2251, '1030', 'Schaarbeek', 0),
(2252, '1030', 'Schaerbeek', 0),
(2253, '3290', 'Schaffen', 0),
(2254, '3732', 'Schalkhoven', 0),
(2255, '5364', 'Schaltin', 0),
(2256, '9820', 'Schelderode', 0),
(2257, '9860', 'Scheldewindeke', 0),
(2258, '2627', 'Schelle', 0),
(2259, '9260', 'Schellebelle', 0),
(2260, '9506', 'Schendelbeke', 0),
(2261, '1703', 'Schepdaal', 0),
(2262, '3270', 'Scherpenheuvel', 0),
(2263, '3270', 'Scherpenheuvel-Zichem', 0),
(2264, '2970', 'Schilde', 0),
(2265, '4782', 'Schoenberg', 0),
(2266, '4782', 'Schönberg', 0),
(2267, '9200', 'Schoonaarde', 0),
(2268, '8433', 'Schore', 0),
(2269, '9688', 'Schorisse', 0),
(2270, '2900', 'Schoten', 0),
(2271, '2223', 'Schriek', 0),
(2272, '8700', 'Schuiferskapelle', 0),
(2273, '3540', 'Schulen', 0),
(2274, '5300', 'Sclayn', 0),
(2275, '5361', 'Scy', 0),
(2276, '5300', 'Seilles', 0),
(2277, '6781', 'Sélange', 0),
(2278, '6596', 'Seloignes', 0),
(2279, '9890', 'Semmerzake', 0),
(2280, '1009', 'Senat de Belgique', 0),
(2281, '7180', 'Seneffe', 0),
(2282, '6832', 'Sensenruth', 0),
(2283, '4557', 'Seny', 0),
(2284, '5630', 'Senzeille', 0),
(2285, '6940', 'Septon', 0),
(2286, '4100', 'Seraing', 0),
(2287, '4537', 'Seraing-le-Château', 0),
(2288, '5590', 'Serinchamps', 0),
(2289, '9260', 'Serskamp', 0),
(2290, '5521', 'Serville', 0),
(2291, '6640', 'Sibret', 0),
(2292, '6750', 'Signeulx', 0),
(2293, '8340', 'Sijsele', 0),
(2294, '5630', 'Silenrieux', 0),
(2295, '7830', 'Silly', 0),
(2296, '9112', 'Sinaai-Waas', 0),
(2297, '5377', 'Sinsin', 0),
(2298, '1082', 'Sint-Agatha-Berchem', 0),
(2299, '3040', 'Sint-Agatha-Rode', 0),
(2300, '2890', 'Sint-Amands', 0),
(2301, '9040', 'Sint-Amandsberg (Gent)', 0),
(2302, '8200', 'Sint-Andries', 0),
(2303, '9550', 'Sint-Antelinks', 0),
(2304, '8710', 'Sint-Baafs-Vijve', 0),
(2305, '9630', 'Sint-Blasius-Boekel', 0),
(2306, '8554', 'Sint-Denijs', 0),
(2307, '9630', 'Sint-Denijs-Boekel', 0),
(2308, '9051', 'Sint-Denijs-Westrem', 0),
(2309, '8793', 'Sint-Eloois-Vijve', 0),
(2310, '8880', 'Sint-Eloois-Winkel', 0),
(2311, '1640', 'Sint-Genesius-Rode', 0),
(2312, '1060', 'Sint-Gillis', 0),
(2313, '9200', 'Sint-Gillis-bij-Dendermonde', 0),
(2314, '9170', 'Sint-Gillis-Waas', 0),
(2315, '9620', 'Sint-Goriks-Oudenhove', 0),
(2316, '3730', 'Sint-Huibrechts-Hern', 0),
(2317, '3910', 'Sint-Huibrechts-Lille', 0),
(2318, '8600', 'Sint-Jacobs-Kapelle', 0),
(2319, '8900', 'Sint-Jan', 0),
(2320, '9982', 'Sint-Jan-in-Eremo', 0),
(2321, '1080', 'Sint-Jans-Molenbeek', 0),
(2322, '2960', 'Sint-Job-in-\'t-Goor', 0),
(2323, '1210', 'Sint-Joost-ten-Node', 0),
(2324, '8730', 'Sint-Joris (Beernem)', 0),
(2325, '8620', 'Sint-Joris (Nieuwpoort)', 0),
(2326, '3051', 'Sint-Joris-Weert', 0),
(2327, '3390', 'Sint-Joris-Winge', 0),
(2328, '2860', 'Sint-Katelijne-Waver', 0),
(2329, '1742', 'Sint-Katherina-Lombeek', 0),
(2330, '9667', 'Sint-Kornelis-Horebeke', 0),
(2331, '8310', 'Sint-Kruis (Brugge)', 0),
(2332, '9042', 'Sint-Kruis-Winkel', 0),
(2333, '1750', 'Sint-Kwintens-Lennik', 0),
(2334, '3500', 'Sint-Lambrechts-Herk', 0),
(2335, '1200', 'Sint-Lambrechts-Woluwe', 0),
(2336, '9980', 'Sint-Laureins', 0),
(2337, '1600', 'Sint-Laureins-Berchem', 0),
(2338, '2960', 'Sint-Lenaarts', 0),
(2339, '9550', 'Sint-Lievens-Esse', 0),
(2340, '9520', 'Sint-Lievens-Houtem', 0),
(2341, '9981', 'Sint-Margriete', 0),
(2342, '3300', 'Sint-Margriete-Houtem (Tienen)', 0),
(2343, '9667', 'Sint-Maria-Horebeke', 0),
(2344, '9630', 'Sint-Maria-Latem', 0),
(2345, '9570', 'Sint-Maria-Lierde', 0),
(2346, '9620', 'Sint-Maria-Oudenhove (Zottegem)', 0),
(2347, '1700', 'Sint-Martens-Bodegem', 0),
(2348, '9830', 'Sint-Martens-Latem', 0),
(2349, '9800', 'Sint-Martens-Leerne', 0),
(2350, '1750', 'Sint-Martens-Lennik', 0),
(2351, '9572', 'Sint-Martens-Lierde', 0),
(2352, '3790', 'Sint-Martens-Voeren', 0),
(2353, '8200', 'Sint-Michiels', 0),
(2354, '9100', 'Sint-Niklaas', 0),
(2355, '9170', 'Sint-Pauwels', 0),
(2356, '1541', 'Sint-Pieters-Kapelle (Bt.)', 0),
(2357, '8433', 'Sint-Pieters-Kapelle (W.-Vl.)', 0),
(2358, '1600', 'Sint-Pieters-Leeuw', 0),
(2359, '3220', 'Sint-Pieters-Rode', 0),
(2360, '3792', 'Sint-Pieters-Voeren', 0),
(2361, '1150', 'Sint-Pieters-Woluwe', 0),
(2362, '8690', 'Sint-Rijkers', 0),
(2363, '1932', 'Sint-Stevens-Woluwe', 0),
(2364, '3800', 'Sint-Truiden', 0),
(2365, '1700', 'Sint-Ulriks-Kapelle', 0),
(2366, '4851', 'Sippenaeken', 0),
(2367, '7332', 'Sirault', 0),
(2368, '6470', 'Sivry', 0),
(2369, '6470', 'Sivry-Rance', 0),
(2370, '9940', 'Sleidinge', 0),
(2371, '8433', 'Slijpe', 0),
(2372, '4450', 'Slins', 0),
(2373, '3700', 'Sluizen', 0),
(2374, '9506', 'Smeerebbe-Vloerzegem', 0),
(2375, '9340', 'Smetlede', 0),
(2376, '6890', 'Smuid', 0),
(2377, '8470', 'Snaaskerke', 0),
(2378, '8490', 'Snellegem', 0),
(2379, '1105', 'SOC', 0),
(2380, '4557', 'Soheit-Tinlot', 0),
(2381, '6920', 'Sohier', 0),
(2382, '7060', 'Soignies', 0),
(2383, '4861', 'Soiron', 0),
(2384, '6500', 'Solre-Saint-Géry', 0),
(2385, '6560', 'Solre-sur-Sambre', 0),
(2386, '5140', 'Sombreffe', 0),
(2387, '5377', 'Somme-Leuze', 0),
(2388, '6769', 'Sommethonne', 0),
(2389, '5523', 'Sommière', 0),
(2390, '5651', 'Somzée', 0),
(2391, '5340', 'Sorée', 0),
(2392, '5333', 'Sorinne-la-Longue', 0),
(2393, '5503', 'Sorinnes', 0),
(2394, '5537', 'Sosoye', 0),
(2395, '4920', 'Sougné-Remouchamps', 0),
(2396, '5680', 'Soulme', 0),
(2397, '4630', 'Soumagne', 0),
(2398, '5630', 'Soumoy', 0),
(2399, '4950', 'Sourbrodt', 0),
(2400, '6182', 'Souvret', 0),
(2401, '5590', 'Sovet', 0),
(2402, '6997', 'Soy', 0),
(2403, '5150', 'Soye (Nam.)', 0),
(2404, '4900', 'Spa', 0),
(2405, '3510', 'Spalbeek', 0),
(2406, '8433', 'Spermalie', 0),
(2407, '1212', 'SPF Mobilité', 0),
(2408, '7032', 'Spiennes', 0),
(2409, '8587', 'Spiere', 0),
(2410, '8587', 'Spiere-Helkijn', 0),
(2411, '5530', 'Spontin', 0),
(2412, '3740', 'Spouwen', 0),
(2413, '4140', 'Sprimont', 0),
(2414, '5190', 'Spy', 0),
(2415, '2940', 'Stabroek', 0),
(2416, '8840', 'Staden', 0),
(2417, '8490', 'Stalhille', 0),
(2418, '7973', 'Stambruges', 0),
(2419, '5646', 'Stave', 0),
(2420, '8691', 'Stavele', 0),
(2421, '4970', 'Stavelot', 0),
(2422, '9140', 'Steendorp', 0),
(2423, '1840', 'Steenhuffel', 0),
(2424, '9550', 'Steenhuize-Wijnhuize', 0),
(2425, '8630', 'Steenkerke (W.-Vl.)', 0),
(2426, '7090', 'Steenkerque (Ht.)', 0),
(2427, '1820', 'Steenokkerzeel', 0),
(2428, '9190', 'Stekene', 0),
(2429, '4801', 'Stembert', 0),
(2430, '8400', 'Stene', 0),
(2431, '1933', 'Sterrebeek', 0),
(2432, '3512', 'Stevoort', 0),
(2433, '3650', 'Stokkem', 0),
(2434, '3511', 'Stokrooie', 0),
(2435, '4987', 'Stoumont', 0),
(2436, '6887', 'Straimont', 0),
(2437, '6511', 'Strée (Ht.)', 0),
(2438, '4577', 'Strée-lez-Huy', 0),
(2439, '7110', 'Strépy-Bracquegnies', 0),
(2440, '9620', 'Strijpen', 0),
(2441, '1760', 'Strijtem', 0),
(2442, '1853', 'Strombeek-Bever', 0),
(2443, '8600', 'Stuivekenskerke', 0),
(2444, '5020', 'Suarlée', 0),
(2445, '5550', 'Sugny', 0),
(2446, '5600', 'Surice', 0),
(2447, '6812', 'Suxy', 0),
(2448, '6661', 'Tailles', 0),
(2449, '7618', 'Taintignies', 0),
(2450, '5060', 'Tamines', 0),
(2451, '5651', 'Tarcienne', 0),
(2452, '4163', 'Tavier', 0),
(2453, '5310', 'Taviers (Nam.)', 0),
(2454, '6662', 'Tavigny', 0),
(2455, '6927', 'Tellin', 0),
(2456, '7520', 'Templeuve', 0),
(2457, '5020', 'Temploux', 0),
(2458, '9140', 'Temse', 0),
(2459, '6970', 'Tenneville', 0),
(2460, '1790', 'Teralfene', 0),
(2461, '2840', 'Terhagen', 0),
(2462, '6813', 'Termes', 0),
(2463, '1740', 'Ternat', 0),
(2464, '7333', 'Tertre', 0),
(2465, '3080', 'Tervuren', 0),
(2466, '4560', 'Terwagne', 0),
(2467, '3980', 'Tessenderlo', 0),
(2468, '3272', 'Testelt', 0),
(2469, '3793', 'Teuven', 0),
(2470, '4910', 'Theux', 0),
(2471, '6717', 'Thiaumont', 0),
(2472, '7070', 'Thieu', 0),
(2473, '7901', 'Thieulain', 0),
(2474, '7061', 'Thieusies', 0),
(2475, '6230', 'Thiméon', 0),
(2476, '4890', 'Thimister', 0),
(2477, '4890', 'Thimister-Clermont', 0),
(2478, '7533', 'Thimougies', 0),
(2479, '1402', 'Thines', 0),
(2480, '6500', 'Thirimont', 0),
(2481, '4280', 'Thisnes', 0),
(2482, '4791', 'Thommen', 0),
(2483, '5300', 'Thon', 0),
(2484, '1360', 'Thorembais-les-Béguines', 0),
(2485, '1360', 'Thorembais-Saint-Trond', 0),
(2486, '7830', 'Thoricourt', 0),
(2487, '6536', 'Thuillies', 0),
(2488, '6530', 'Thuin', 0),
(2489, '7350', 'Thulin', 0),
(2490, '7971', 'Thumaide', 0),
(2491, '5621', 'Thy-le-Bauduin', 0),
(2492, '5651', 'Thy-le-Château', 0),
(2493, '5502', 'Thynes', 0),
(2494, '4367', 'Thys', 0),
(2495, '8573', 'Tiegem', 0),
(2496, '2460', 'Tielen', 0),
(2497, '9140', 'Tielrode', 0),
(2498, '8700', 'Tielt', 0),
(2499, '3390', 'Tielt (Bt.)', 0),
(2500, '3390', 'Tielt-Winge', 0),
(2501, '3300', 'Tienen', 0),
(2502, '4630', 'Tignée', 0),
(2503, '4500', 'Tihange', 0),
(2504, '3150', 'Tildonk', 0),
(2505, '4130', 'Tilff', 0),
(2506, '6680', 'Tillet', 0),
(2507, '4420', 'Tilleur', 0),
(2508, '5380', 'Tillier', 0),
(2509, '1495', 'Tilly', 0),
(2510, '4557', 'Tinlot', 0),
(2511, '6637', 'Tintange', 0),
(2512, '6730', 'Tintigny', 0),
(2513, '2830', 'Tisselt', 0),
(2514, '6700', 'Toernich', 0),
(2515, '6941', 'Tohogne', 0),
(2516, '1570', 'Tollembeek', 0),
(2517, '3700', 'Tongeren', 0),
(2518, '2260', 'Tongerlo (Antw.)', 0),
(2519, '3960', 'Tongerlo (Limb.)', 0),
(2520, '7951', 'Tongre-Notre-Dame', 0),
(2521, '7950', 'Tongre-Saint-Martin', 0),
(2522, '5140', 'Tongrinne', 0),
(2523, '6717', 'Tontelange', 0),
(2524, '6767', 'Torgny', 0),
(2525, '8820', 'Torhout', 0),
(2526, '4263', 'Tourinne (Lg.)', 0),
(2527, '1320', 'Tourinnes-la-Grosse', 0),
(2528, '1457', 'Tourinnes-Saint-Lambert', 0),
(2529, '7500', 'Tournai', 0),
(2530, '6840', 'Tournay', 0),
(2531, '7904', 'Tourpes', 0),
(2532, '6890', 'Transinne', 0),
(2533, '6183', 'Trazegnies', 0),
(2534, '5670', 'Treignes', 0),
(2535, '4670', 'Trembleur', 0),
(2536, '3120', 'Tremelo', 0),
(2537, '7100', 'Trivières', 0),
(2538, '4280', 'Trognée', 0),
(2539, '4980', 'Trois-Ponts', 0),
(2540, '4870', 'Trooz', 0),
(2541, '1480', 'Tubize', 0),
(2542, '2300', 'Turnhout', 0),
(2543, '1049', 'U.E.-Commission', 0),
(2544, '1048', 'U.E.-Conseil', 0),
(2545, '1180', 'Uccle', 0),
(2546, '6833', 'Ucimont', 0),
(2547, '3631', 'Uikhoven', 0),
(2548, '9290', 'Uitbergen', 0),
(2549, '8370', 'Uitkerke', 0),
(2550, '1180', 'Ukkel', 0),
(2551, '3832', 'Ulbeek', 0),
(2552, '5310', 'Upigny', 0),
(2553, '9910', 'Ursel', 0),
(2554, '3054', 'Vaalbeek', 0),
(2555, '3770', 'Val-Meer', 0),
(2556, '6741', 'Vance', 0),
(2557, '2431', 'Varendonk', 0),
(2558, '8490', 'Varsenare', 0),
(2559, '5680', 'Vaucelles', 0),
(2560, '7536', 'Vaulx (Tournai)', 0),
(2561, '6462', 'Vaulx-lez-Chimay', 0),
(2562, '6960', 'Vaux-Chavanne', 0),
(2563, '4530', 'Vaux-et-Borset', 0),
(2564, '6640', 'Vaux-lez-Rosières', 0),
(2565, '4051', 'Vaux-sous-Chèvremont', 0),
(2566, '6640', 'Vaux-sur-Sure', 0),
(2567, '3870', 'Vechmaal', 0),
(2568, '5020', 'Vedrin', 0),
(2569, '2431', 'Veerle', 0),
(2570, '7760', 'Velaines', 0),
(2571, '5060', 'Velaine-sur-Sambre', 0),
(2572, '8210', 'Veldegem', 0),
(2573, '3620', 'Veldwezelt', 0),
(2574, '7120', 'Vellereille-les-Brayeux', 0),
(2575, '7120', 'Vellereille-le-Sec', 0),
(2576, '3806', 'Velm', 0),
(2577, '4460', 'Velroux', 0),
(2578, '3020', 'Veltem-Beisem', 0),
(2579, '9620', 'Velzeke-Ruddershove', 0),
(2580, '5575', 'Vencimont', 0),
(2581, '1005', 'Ver.Verg.Gemeensch.Gemeensch.Comm.', 0),
(2582, '6440', 'Vergnies', 0),
(2583, '4537', 'Verlaine', 0),
(2584, '5370', 'Verlée', 0),
(2585, '9130', 'Verrebroek', 0),
(2586, '3370', 'Vertrijk', 0),
(2587, '4800', 'Verviers', 0),
(2588, '6870', 'Vesqueville', 0),
(2589, '3870', 'Veulen', 0),
(2590, '8630', 'Veurne', 0),
(2591, '5300', 'Vezin', 0),
(2592, '7538', 'Vezon', 0),
(2593, '9500', 'Viane', 0),
(2594, '8570', 'Vichte', 0),
(2595, '6690', 'Vielsalm', 0),
(2596, '4317', 'Viemme', 0),
(2597, '2240', 'Viersel', 0),
(2598, '4577', 'Vierset-Barse', 0),
(2599, '5670', 'Vierves-sur-Viroin', 0),
(2600, '6230', 'Viesville', 0),
(2601, '1472', 'Vieux-Genappe', 0),
(2602, '4190', 'Vieuxville', 0),
(2603, '4530', 'Vieux-Waleffe', 0),
(2604, '6890', 'Villance', 0),
(2605, '4260', 'Ville-en-Hesbaye', 0),
(2606, '7322', 'Ville-Pommeroeul', 0),
(2607, '7334', 'Villerot', 0),
(2608, '4161', 'Villers-aux-Tours', 0),
(2609, '5630', 'Villers-Deux-Eglises', 0),
(2610, '6823', 'Villers-Devant-Orval', 0),
(2611, '5600', 'Villers-en-Fagne', 0),
(2612, '6600', 'Villers-la-Bonne-Eau', 0),
(2613, '6769', 'Villers-la-Loue', 0),
(2614, '6460', 'Villers-la-Tour', 0),
(2615, '1495', 'Villers-la-Ville', 0),
(2616, '4530', 'Villers-le-Bouillet', 0),
(2617, '5600', 'Villers-le-Gambon', 0),
(2618, '4280', 'Villers-le-Peuplier', 0),
(2619, '4550', 'Villers-le-Temple', 0),
(2620, '4340', 'Villers-l\'Evêque', 0),
(2621, '5080', 'Villers-lez-Heest', 0),
(2622, '7812', 'Villers-Notre-Dame', 0),
(2623, '6210', 'Villers-Perwin', 0),
(2624, '6280', 'Villers-Poterie', 0),
(2625, '7812', 'Villers-Saint-Amand', 0),
(2626, '6941', 'Villers-Sainte-Gertrude', 0),
(2627, '7031', 'Villers-Saint-Ghislain', 0),
(2628, '4453', 'Villers-Saint-Siméon', 0),
(2629, '5580', 'Villers-sur-Lesse', 0),
(2630, '6740', 'Villers-sur-Semois', 0),
(2631, '7070', 'Ville-sur-Haine (Le Roeulx)', 0),
(2632, '1800', 'Vilvoorde', 0),
(2633, '4520', 'Vinalmont', 0),
(2634, '9921', 'Vinderhoute', 0),
(2635, '8630', 'Vinkem', 0),
(2636, '9800', 'Vinkt', 0),
(2637, '6461', 'Virelles', 0),
(2638, '1460', 'Virginal-Samme', 0),
(2639, '5670', 'Viroinval', 0),
(2640, '6760', 'Virton', 0),
(2641, '4600', 'Visé', 0),
(2642, '3300', 'Vissenaken', 0),
(2643, '5070', 'Vitrival', 0),
(2644, '4683', 'Vivegnis', 0),
(2645, '6833', 'Vivy', 0),
(2646, '1011', 'Vlaamse Raad - Vlaams Parlement', 0),
(2647, '8600', 'Vladslo', 0),
(2648, '8908', 'Vlamertinge', 0),
(2649, '9420', 'Vlekkem', 0),
(2650, '8640', 'Vleteren', 0),
(2651, '1602', 'Vlezenbeek', 0),
(2652, '3724', 'Vliermaal', 0),
(2653, '3721', 'Vliermaalroot', 0),
(2654, '9520', 'Vlierzele', 0),
(2655, '3770', 'Vlijtingen', 0),
(2656, '2340', 'Vlimmeren', 0),
(2657, '8421', 'Vlissegem', 0),
(2658, '7880', 'Vloesberg', 0),
(2659, '5600', 'Vodecée', 0),
(2660, '5680', 'Vodelée', 0),
(2661, '3790', 'Voeren', 0),
(2662, '5650', 'Vogenée', 0),
(2663, '9700', 'Volkegem', 0),
(2664, '1570', 'Vollezele', 0),
(2665, '5570', 'Vonêche', 0),
(2666, '9400', 'Voorde', 0),
(2667, '8902', 'Voormezele', 0),
(2668, '3840', 'Voort', 0),
(2669, '4347', 'Voroux-Goreux', 0),
(2670, '4451', 'Voroux-lez-Liers', 0),
(2671, '2290', 'Vorselaar', 0),
(2672, '3890', 'Vorsen', 0),
(2673, '1190', 'Vorst', 0),
(2674, '2430', 'Vorst (Kempen)', 0),
(2675, '2350', 'Vosselaar', 0),
(2676, '9850', 'Vosselare', 0),
(2677, '3080', 'Vossem', 0),
(2678, '4041', 'Vottem', 0),
(2679, '9120', 'Vrasene', 0),
(2680, '2531', 'Vremde', 0),
(2681, '3700', 'Vreren', 0),
(2682, '5550', 'Vresse-sur-Semois', 0),
(2683, '3770', 'Vroenhoven', 0),
(2684, '1043', 'VRT', 0),
(2685, '1818', 'VTM', 0),
(2686, '3630', 'Vucht', 0),
(2687, '9890', 'Vurste', 0),
(2688, '4570', 'Vyle-et-Tharoul', 0),
(2689, '3473', 'Waanrode', 0),
(2690, '9506', 'Waarbeke', 0),
(2691, '8020', 'Waardamme', 0),
(2692, '2550', 'Waarloos', 0),
(2693, '8581', 'Waarmaarde', 0),
(2694, '9950', 'Waarschoot', 0),
(2695, '3401', 'Waasmont', 0),
(2696, '9250', 'Waasmunster', 0),
(2697, '7784', 'Waasten', 0),
(2698, '9185', 'Wachtebeke', 0),
(2699, '7971', 'Wadelincourt', 0),
(2700, '6223', 'Wagnelée', 0),
(2701, '6900', 'Waha', 0),
(2702, '5377', 'Waillet', 0),
(2703, '4950', 'Waimes', 0),
(2704, '8720', 'Wakken', 0),
(2705, '5650', 'Walcourt', 0),
(2706, '2800', 'Walem', 0),
(2707, '1457', 'Walhain', 0),
(2708, '1457', 'Walhain-Saint-Paul', 0),
(2709, '4711', 'Walhorn', 0),
(2710, '3401', 'Walsbets', 0),
(2711, '3401', 'Walshoutem', 0),
(2712, '3740', 'Waltwilder', 0),
(2713, '1741', 'Wambeek', 0),
(2714, '5570', 'Wancennes', 0),
(2715, '4020', 'Wandre', 0),
(2716, '6224', 'Wanfercée-Baulet', 0),
(2717, '3400', 'Wange', 0),
(2718, '6220', 'Wangenies', 0),
(2719, '5564', 'Wanlin', 0),
(2720, '4980', 'Wanne', 0),
(2721, '7861', 'Wannebecq', 0),
(2722, '9772', 'Wannegem-Lede', 0),
(2723, '4280', 'Wansin', 0),
(2724, '4520', 'Wanze', 0),
(2725, '9340', 'Wanzele', 0),
(2726, '7548', 'Warchin', 0),
(2727, '7740', 'Warcoing', 0),
(2728, '6600', 'Wardin', 0),
(2729, '8790', 'Waregem', 0),
(2730, '4300', 'Waremme', 0),
(2731, '5310', 'Waret-la-Chaussée', 0),
(2732, '4217', 'Waret-l\'Evêque', 0),
(2733, '5080', 'Warisoulx', 0),
(2734, '5537', 'Warnant', 0),
(2735, '4530', 'Warnant-Dreye', 0),
(2736, '7784', 'Warneton', 0),
(2737, '7340', 'Warquignies', 0),
(2738, '4608', 'Warsage', 0),
(2739, '4590', 'Warzée', 0),
(2740, '7340', 'Wasmes', 0),
(2741, '7604', 'Wasmes-Audemez-Briffoeil', 0),
(2742, '7390', 'Wasmuel', 0),
(2743, '4219', 'Wasseiges', 0),
(2744, '9988', 'Waterland-Oudeman', 0),
(2745, '1410', 'Waterloo', 0),
(2746, '1170', 'Watermaal-Bosvoorde', 0),
(2747, '1170', 'Watermael-Boitsfort', 0),
(2748, '9988', 'Watervliet', 0),
(2749, '8978', 'Watou', 0),
(2750, '7910', 'Wattripont', 0),
(2751, '7131', 'Waudrez', 0),
(2752, '5540', 'Waulsort', 0),
(2753, '1440', 'Wauthier-Braine', 0),
(2754, '1300', 'Wavre', 0),
(2755, '5580', 'Wavreille', 0),
(2756, '6210', 'Wayaux', 0),
(2757, '1474', 'Ways', 0),
(2758, '3290', 'Webbekom', 0),
(2759, '2275', 'Wechelderzande', 0),
(2760, '2381', 'Weelde', 0),
(2761, '1982', 'Weerde', 0),
(2762, '2880', 'Weert', 0),
(2763, '4860', 'Wegnez', 0),
(2764, '5523', 'Weillen', 0),
(2765, '4950', 'Weismes', 0),
(2766, '9700', 'Welden', 0),
(2767, '4840', 'Welkenraedt', 0),
(2768, '9473', 'Welle', 0),
(2769, '3830', 'Wellen', 0),
(2770, '6920', 'Wellin', 0),
(2771, '1780', 'Wemmel', 0),
(2772, '8420', 'Wenduine', 0),
(2773, '5100', 'Wépion', 0),
(2774, '4190', 'Werbomont', 0),
(2775, '3118', 'Werchter', 0),
(2776, '6940', 'Wéris', 0),
(2777, '8610', 'Werken', 0),
(2778, '3730', 'Werm', 0),
(2779, '8940', 'Wervik', 0),
(2780, '3150', 'Wespelaar', 0),
(2781, '8434', 'Westende', 0),
(2782, '2260', 'Westerlo', 0),
(2783, '8300', 'Westkapelle', 0),
(2784, '8460', 'Westkerke', 0),
(2785, '2390', 'Westmalle', 0),
(2786, '2235', 'Westmeerbeek', 0),
(2787, '8954', 'Westouter', 0),
(2788, '9230', 'Westrem', 0),
(2789, '8840', 'Westrozebeke', 0),
(2790, '8640', 'Westvleteren', 0),
(2791, '9230', 'Wetteren', 0),
(2792, '8560', 'Wevelgem', 0),
(2793, '3111', 'Wezemaal', 0),
(2794, '1970', 'Wezembeek-Oppem', 0),
(2795, '3401', 'Wezeren', 0),
(2796, '7620', 'Wez-Velvain', 0),
(2797, '6666', 'Wibrin', 0),
(2798, '9260', 'Wichelen', 0),
(2799, '3700', 'Widooie (Haren)', 0),
(2800, '2222', 'Wiekevorst', 0),
(2801, '8710', 'Wielsbeke', 0),
(2802, '5100', 'Wierde', 0),
(2803, '7608', 'Wiers', 0),
(2804, '5571', 'Wiesme', 0),
(2805, '9280', 'Wieze', 0),
(2806, '7370', 'Wihéries', 0),
(2807, '4452', 'Wihogne', 0),
(2808, '3990', 'Wijchmaal', 0),
(2809, '3850', 'Wijer', 0),
(2810, '3018', 'Wijgmaal (Brabant)', 0),
(2811, '2110', 'Wijnegem', 0),
(2812, '3670', 'Wijshagen', 0),
(2813, '8953', 'Wijtschate', 0),
(2814, '3803', 'Wilderen', 0),
(2815, '7904', 'Willaupuis', 0),
(2816, '3370', 'Willebringen', 0),
(2817, '2830', 'Willebroek', 0),
(2818, '7506', 'Willemeau', 0),
(2819, '5575', 'Willerzie', 0),
(2820, '2610', 'Wilrijk (Antwerpen)', 0),
(2821, '3012', 'Wilsele', 0),
(2822, '8431', 'Wilskerke', 0),
(2823, '3501', 'Wimmertingen', 0),
(2824, '5570', 'Winenne', 0),
(2825, '8750', 'Wingene', 0),
(2826, '3020', 'Winksele', 0),
(2827, '3722', 'Wintershoven', 0),
(2828, '6860', 'Witry', 0),
(2829, '7890', 'Wodecq', 0),
(2830, '8640', 'Woesten', 0),
(2831, '6780', 'Wolkrange', 0),
(2832, '1200', 'Woluwe-Saint-Lambert', 0),
(2833, '1150', 'Woluwe-Saint-Pierre', 0),
(2834, '1861', 'Wolvertem', 0),
(2835, '2160', 'Wommelgem', 0),
(2836, '3350', 'Wommersom', 0),
(2837, '4690', 'Wonck', 0),
(2838, '9032', 'Wondelgem', 0),
(2839, '9800', 'Wontergem', 0),
(2840, '9790', 'Wortegem', 0),
(2841, '9790', 'Wortegem-Petegem', 0),
(2842, '2323', 'Wortel', 0),
(2843, '9550', 'Woubrechtegem', 0),
(2844, '8600', 'Woumen', 0),
(2845, '8670', 'Wulpen', 0),
(2846, '8952', 'Wulvergem', 0),
(2847, '8630', 'Wulveringem', 0),
(2848, '2990', 'Wuustwezel', 0),
(2849, '4652', 'Xhendelesse', 0),
(2850, '4432', 'Xhendremael', 0),
(2851, '4190', 'Xhoris', 0),
(2852, '4550', 'Yernée-Fraineux', 0),
(2853, '5650', 'Yves-Gomezée', 0),
(2854, '5530', 'Yvoir', 0),
(2855, '9080', 'Zaffelare', 0),
(2856, '9506', 'Zandbergen', 0),
(2857, '8680', 'Zande', 0),
(2858, '2240', 'Zandhoven', 0),
(2859, '2040', 'Zandvliet', 1),
(2860, '8400', 'Zandvoorde (Oostende)', 0),
(2861, '8980', 'Zandvoorde (Zonnebeke)', 0),
(2862, '9500', 'Zarlardinge', 0),
(2863, '8610', 'Zarren', 0),
(2864, '1930', 'Zaventem', 0),
(2865, '8210', 'Zedelgem', 0),
(2866, '8380', 'Zeebrugge (Brugge)', 0),
(2867, '9660', 'Zegelsem', 0),
(2868, '9240', 'Zele', 0),
(2869, '3545', 'Zelem', 0),
(2870, '1731', 'Zellik', 0),
(2871, '9060', 'Zelzate', 0),
(2872, '1980', 'Zemst', 0),
(2873, '3800', 'Zepperen', 0),
(2874, '8490', 'Zerkegem', 0),
(2875, '1370', 'Zétrud-Lumay', 0),
(2876, '8470', 'Zevekote', 0),
(2877, '9080', 'Zeveneken', 0),
(2878, '9800', 'Zeveren', 0),
(2879, '9840', 'Zevergem', 0),
(2880, '3271', 'Zichem', 0),
(2881, '3770', 'Zichen-Zussen-Bolder', 0),
(2882, '8902', 'Zillebeke', 0),
(2883, '9750', 'Zingem', 0),
(2884, '2260', 'Zoerle-Parwijs', 0),
(2885, '2980', 'Zoersel', 0),
(2886, '3550', 'Zolder', 0),
(2887, '9930', 'Zomergem', 0),
(2888, '3520', 'Zonhoven', 0),
(2889, '8980', 'Zonnebeke', 0),
(2890, '9520', 'Zonnegem', 0),
(2891, '9620', 'Zottegem', 0),
(2892, '8630', 'Zoutenaaie', 0),
(2893, '3440', 'Zoutleeuw', 0),
(2894, '8904', 'Zuidschote', 0),
(2895, '8377', 'Zuienkerke', 0),
(2896, '9870', 'Zulte', 0),
(2897, '9690', 'Zulzeke', 0),
(2898, '3690', 'Zutendaal', 0),
(2899, '9630', 'Zwalm', 0),
(2900, '8550', 'Zwevegem', 0),
(2901, '8750', 'Zwevezele', 0),
(2902, '9052', 'Zwijnaarde', 0),
(2903, '2070', 'Zwijndrecht', 1);

-- --------------------------------------------------------

--
-- Table structure for table `producten`
--

CREATE TABLE `producten` (
  `productId` int(10) UNSIGNED NOT NULL,
  `naam` varchar(40) NOT NULL,
  `omschrijving` varchar(255) DEFAULT NULL,
  `soortId` int(10) UNSIGNED NOT NULL,
  `prijs` float NOT NULL,
  `foto` varchar(40) DEFAULT NULL,
  `promotiePrijs` float NOT NULL DEFAULT 0
) ENGINE=InnoDB DEFAULT CHARSET=utf8mb4 COLLATE=utf8mb4_general_ci;

--
-- Dumping data for table `producten`
--

INSERT INTO `producten` (`productId`, `naam`, `omschrijving`, `soortId`, `prijs`, `foto`, `promotiePrijs`) VALUES
(1, 'Margherita', 'Tomatensaus, Fior di Latte Mozzarella en basilicum', 1, 14, 'margherita.png', 0),
(2, 'Bufalina', ' tomatensaus, buffelmozzarella, kerstomaatjes', 1, 16, 'bufalina.png', 0),
(3, 'Vegetariana', 'fior di latte, aubergines, courgettes, paprika, olijven', 1, 17, 'vegetariana.png', 0),
(4, '4 Seizoenen', 'tomatensaus, fior di latte, artisjok, zoete salami, ham, champignon', 1, 18, 'seizoenen.png', 0),
(5, '4 Formaggi', 'fior di latte, buffelmozzarella, gorgonzola, fontina kaas', 1, 18, 'formaggi.png', 0),
(6, 'Italiaanse salade', NULL, 4, 6.5, NULL, 0),
(7, 'Frieten (medium)', NULL, 4, 3.5, NULL, 0),
(10, 'Mayonaise', NULL, 4, 0.5, NULL, 0),
(11, 'Ketchup', NULL, 4, 0.5, NULL, 0),
(12, 'Coca-Cola', NULL, 3, 2, 'cola.png', 0),
(13, 'Sprite', NULL, 3, 2, 'sprite.png', 0),
(14, 'Fanta', NULL, 3, 1.8, 'fanta.png', 0);

-- --------------------------------------------------------

--
-- Table structure for table `productsoorten`
--

CREATE TABLE `productsoorten` (
  `soortId` int(11) UNSIGNED NOT NULL,
  `soort` varchar(40) NOT NULL
) ENGINE=InnoDB DEFAULT CHARSET=utf8mb4 COLLATE=utf8mb4_general_ci;

--
-- Dumping data for table `productsoorten`
--

INSERT INTO `productsoorten` (`soortId`, `soort`) VALUES
(1, 'Pizza'),
(2, 'salade'),
(3, 'drank'),
(4, 'extra\'s');

--
-- Indexes for dumped tables
--

--
-- Indexes for table `bestellijnen`
--
ALTER TABLE `bestellijnen`
  ADD UNIQUE KEY `Samengesteldesleutel` (`bestellingId`,`productId`),
  ADD KEY `bestellingId` (`bestellingId`),
  ADD KEY `productId` (`productId`);

--
-- Indexes for table `bestellingen`
--
ALTER TABLE `bestellingen`
  ADD PRIMARY KEY (`bestellingId`),
  ADD KEY `klantId` (`klantId`) USING BTREE,
  ADD KEY `statusId` (`statusId`),
  ADD KEY `koerierId` (`koerierId`);

--
-- Indexes for table `bestellingstatussen`
--
ALTER TABLE `bestellingstatussen`
  ADD PRIMARY KEY (`statusId`);

--
-- Indexes for table `klanten`
--
ALTER TABLE `klanten`
  ADD PRIMARY KEY (`klantId`),
  ADD KEY `plaatsId` (`plaatsId`);

--
-- Indexes for table `koeriers`
--
ALTER TABLE `koeriers`
  ADD PRIMARY KEY (`koerierId`);

--
-- Indexes for table `plaatsen`
--
ALTER TABLE `plaatsen`
  ADD PRIMARY KEY (`plaatsId`);

--
-- Indexes for table `producten`
--
ALTER TABLE `producten`
  ADD PRIMARY KEY (`productId`),
  ADD KEY `soortId` (`soortId`);

--
-- Indexes for table `productsoorten`
--
ALTER TABLE `productsoorten`
  ADD PRIMARY KEY (`soortId`);

--
-- AUTO_INCREMENT for dumped tables
--

--
-- AUTO_INCREMENT for table `bestellingen`
--
ALTER TABLE `bestellingen`
  MODIFY `bestellingId` int(10) UNSIGNED NOT NULL AUTO_INCREMENT, AUTO_INCREMENT=5;

--
-- AUTO_INCREMENT for table `bestellingstatussen`
--
ALTER TABLE `bestellingstatussen`
  MODIFY `statusId` int(11) UNSIGNED NOT NULL AUTO_INCREMENT, AUTO_INCREMENT=4;

--
-- AUTO_INCREMENT for table `klanten`
--
ALTER TABLE `klanten`
  MODIFY `klantId` int(10) UNSIGNED NOT NULL AUTO_INCREMENT, AUTO_INCREMENT=4;

--
-- AUTO_INCREMENT for table `koeriers`
--
ALTER TABLE `koeriers`
  MODIFY `koerierId` int(11) UNSIGNED NOT NULL AUTO_INCREMENT, AUTO_INCREMENT=2;

--
-- AUTO_INCREMENT for table `plaatsen`
--
ALTER TABLE `plaatsen`
  MODIFY `plaatsId` int(11) UNSIGNED NOT NULL AUTO_INCREMENT, AUTO_INCREMENT=2904;

--
-- AUTO_INCREMENT for table `producten`
--
ALTER TABLE `producten`
  MODIFY `productId` int(10) UNSIGNED NOT NULL AUTO_INCREMENT, AUTO_INCREMENT=15;

--
-- AUTO_INCREMENT for table `productsoorten`
--
ALTER TABLE `productsoorten`
  MODIFY `soortId` int(11) UNSIGNED NOT NULL AUTO_INCREMENT, AUTO_INCREMENT=5;

--
-- Constraints for dumped tables
--

--
-- Constraints for table `bestellijnen`
--
ALTER TABLE `bestellijnen`
  ADD CONSTRAINT `bestellijnen_ibfk_1` FOREIGN KEY (`bestellingId`) REFERENCES `bestellingen` (`BestellingId`),
  ADD CONSTRAINT `bestellijnen_ibfk_2` FOREIGN KEY (`productId`) REFERENCES `producten` (`productId`);

--
-- Constraints for table `bestellingen`
--
ALTER TABLE `bestellingen`
  ADD CONSTRAINT `bestellingen_ibfk_1` FOREIGN KEY (`klantId`) REFERENCES `klanten` (`klantId`),
  ADD CONSTRAINT `bestellingen_ibfk_2` FOREIGN KEY (`koerierId`) REFERENCES `koeriers` (`koerierId`),
  ADD CONSTRAINT `bestellingen_ibfk_3` FOREIGN KEY (`statusId`) REFERENCES `bestellingstatussen` (`statusId`);

--
-- Constraints for table `klanten`
--
ALTER TABLE `klanten`
  ADD CONSTRAINT `klanten_ibfk_1` FOREIGN KEY (`plaatsId`) REFERENCES `plaatsen` (`plaatsId`);

--
-- Constraints for table `producten`
--
ALTER TABLE `producten`
  ADD CONSTRAINT `producten_ibfk_1` FOREIGN KEY (`soortId`) REFERENCES `productsoorten` (`soortId`);
COMMIT;

/*!40101 SET CHARACTER_SET_CLIENT=@OLD_CHARACTER_SET_CLIENT */;
/*!40101 SET CHARACTER_SET_RESULTS=@OLD_CHARACTER_SET_RESULTS */;
/*!40101 SET COLLATION_CONNECTION=@OLD_COLLATION_CONNECTION */;
